comment_id	user_id	media_id	parent_comment_id	content	timestamp	deleted	tag	upvotes	downvotes	user_vote_type	username	profile_picture_url	is_mod	is_admin	reply_count	total_votes	changes
30704	6415908	187264		next episode or next next episode would be ||Ohrun defeating the black dragon||	2026-01-08T00:37:17.000Z			0	0		Fearocanity	https://s4.anilist.co/file/anilistcdn/user/avatar/medium/b6415908-Bd4DNPf0taaA.jpg			1	214	parent_comment_id,deleted,tag,user_vote_type,is_mod,is_admin
30532	6415908	187264		wait, so TOWA-sama will sang the OP of this anime?	2026-01-03T00:30:17.000Z			0	0		Fearocanity	https://s4.anilist.co/file/anilistcdn/user/avatar/medium/b6415908-Bd4DNPf0taaA.jpg			0	214	parent_comment_id,deleted,tag,user_vote_type,is_mod,is_admin
30485	6768413	187264		Had to skip through this ep for how painfully cliche it was. I guess no creativity sells more these days.	2026-01-01T15:05:46.000Z			1	0		ShivaAshifer	https://s4.anilist.co/file/anilistcdn/user/avatar/medium/b6768413-ArwckZ8sZcS4.png			0	10	parent_comment_id,deleted,tag,user_vote_type,is_mod,is_admin
30457	6785442	187264		black spiky hair: âœ… black cloak: âœ… lack of personality other than an insufferable inferiority complex: âœ… Loli: âœ… stronger than everyone around him: âœ… betrayed by his party: âœ…   looking like a 10/10 ngl.	2025-12-31T21:18:57.000Z			6	0		colorfulHornbird	https://s4.anilist.co/file/anilistcdn/user/avatar/medium/default.png			2	9	parent_comment_id,deleted,tag,user_vote_type,is_mod,is_admin
25907	6415908	187264		another synonym of tsuiho	2025-07-19T12:50:33.000Z			0	0		Fearocanity	https://s4.anilist.co/file/anilistcdn/user/avatar/medium/b6415908-Bd4DNPf0taaA.jpg			0	214	parent_comment_id,deleted,tag,user_vote_type,is_mod,is_admin
22194	6120929	187264		"this ""kicked out of hero party"" is becoming too cliche. ğŸ˜” Most of the fantasy I am seeing are like this."	2025-04-07T17:19:47.000Z			1	0		SushanLog	https://s4.anilist.co/file/anilistcdn/user/avatar/medium/b6120929-KKeauXCGNmdy.jpg			1	457	parent_comment_id,deleted,tag,user_vote_type,is_mod,is_admin
30718	6535346	192261		I'm guessing she's not really a kid and only becomes one during the day and is possibly suffering from memory loss or something?	2026-01-08T05:45:38.000Z			0	0		Serdontos	https://s4.anilist.co/file/anilistcdn/user/avatar/medium/default.png			0	7	parent_comment_id,deleted,tag,user_vote_type,is_mod,is_admin
30712	6110383	192261		Just read the Manga until chapter 4 just to confirm. Seems to still be wholesome but she does grow big at night. Still a kid though.. Like the arancar kid in bleach who turns big.. 	2026-01-08T03:26:03.000Z			0	0		sheepman	https://s4.anilist.co/file/anilistcdn/user/avatar/medium/default.png			0	7	parent_comment_id,deleted,tag,user_vote_type,is_mod,is_admin
30698	7208825	192261		the complete 180 from wholesome to total degen ğŸ˜‚	2026-01-07T22:24:01.000Z			2	0		Doodlebobwitthebop	https://s4.anilist.co/file/anilistcdn/user/avatar/medium/default.png			0	5	parent_comment_id,deleted,tag,user_vote_type,is_mod,is_admin
30686	382050	192261		The show was going so well, I really liked it... ||Then that ending, if they approach this poorly, I'm going to be very upset. Succubus? Really?||	2026-01-07T19:53:28.000Z			0	0		UgetsuKitan	https://s4.anilist.co/file/anilistcdn/user/avatar/medium/b382050-kC7keHd7pcVT.jpg			0	65	parent_comment_id,deleted,tag,user_vote_type,is_mod,is_admin
30684	6907832	192261		average generic fantasy there was a similar anime just like this I remember watching 	2026-01-07T19:28:52.000Z			0	0		Subaaruu	https://s4.anilist.co/file/anilistcdn/user/avatar/medium/b6907832-OcSAvb87Hu79.jpg			0	8	parent_comment_id,deleted,tag,user_vote_type,is_mod,is_admin
30673	5911043	192261		ok, it's better than i expected 	2026-01-07T15:46:48.000Z			0	0		Grymn	https://s4.anilist.co/file/anilistcdn/user/avatar/medium/b5911043-jH8MTxttZgF9.jpg			0	42	parent_comment_id,deleted,tag,user_vote_type,is_mod,is_admin
30695	7171235	180746		this is like the movie Jigsaw but with no blood and it is waaay cuter. I want them to show me Yuki's first time (not in a perv way).	2026-01-07T21:53:33.000Z			0	0		Yappatron	https://s4.anilist.co/file/anilistcdn/user/avatar/medium/b7171235-DNk67QJkbGiw.jpg			0	105	parent_comment_id,deleted,tag,user_vote_type,is_mod,is_admin
30689	7460497	180746		this was Monogatari 1st episode levels of creepy.	2026-01-07T20:31:11.000Z			0	0		Gaur2704	https://s4.anilist.co/file/anilistcdn/user/avatar/medium/b7460497-1GMCFGbxHWNT.jpg			0	18	parent_comment_id,deleted,tag,user_vote_type,is_mod,is_admin
30688	414180	180746		that definitely was an anime episode	2026-01-07T20:27:26.000Z			0	0		pioneerPL	https://s4.anilist.co/file/anilistcdn/user/avatar/medium/b414180-PCOH3yHs9U16.png			0	0	parent_comment_id,deleted,tag,user_vote_type,is_mod,is_admin
30685	7460497	180746		Holy Sh*t I wonder what would be the reaction of a totally innocent person to this.   Edit: Bro gave up and ran away. I guess I chose the right person even the solo leveling 1, 2 episode scared them this was a given.	2026-01-07T19:33:11.000Z			0	0		Gaur2704	https://s4.anilist.co/file/anilistcdn/user/avatar/medium/b7460497-1GMCFGbxHWNT.jpg			0	18	parent_comment_id,deleted,tag,user_vote_type,is_mod,is_admin
30682	6907832	180746		It's novel was good 	2026-01-07T19:26:11.000Z			2	0		Subaaruu	https://s4.anilist.co/file/anilistcdn/user/avatar/medium/b6907832-OcSAvb87Hu79.jpg			0	8	parent_comment_id,deleted,tag,user_vote_type,is_mod,is_admin
30678	7186153	180746		man this shi is messed up but in a good way	2026-01-07T18:07:32.000Z			0	0		guywithacoolname	https://s4.anilist.co/file/anilistcdn/user/avatar/medium/b7186153-5qAziLCZhm67.jpg			0	3	parent_comment_id,deleted,tag,user_vote_type,is_mod,is_admin
23518	6415908	180746		im not fond of death game, but lets give this a chance	2025-05-15T13:31:36.000Z			0	0		Fearocanity	https://s4.anilist.co/file/anilistcdn/user/avatar/medium/b6415908-Bd4DNPf0taaA.jpg			1	214	parent_comment_id,deleted,tag,user_vote_type,is_mod,is_admin
22357	6120929	180746		I will definitely watch it. It seems so good. ğŸ˜Š	2025-04-09T06:11:52.000Z			0	0		SushanLog	https://s4.anilist.co/file/anilistcdn/user/avatar/medium/b6120929-KKeauXCGNmdy.jpg			0	457	parent_comment_id,deleted,tag,user_vote_type,is_mod,is_admin
30694	7285824	112269		i was unknowingly reading a bl manga all this time ğŸ˜“	2026-01-07T21:48:15.000Z			0	0		yunoyo	https://s4.anilist.co/file/anilistcdn/user/avatar/medium/b7285824-OQvGG7cmLAaq.jpg			0	3	parent_comment_id,deleted,tag,user_vote_type,is_mod,is_admin
30690	6120929	170894		it's great series. 8/10 overall for me. 	2026-01-07T21:32:17.000Z		81	0	0		SushanLog	https://s4.anilist.co/file/anilistcdn/user/avatar/medium/b6120929-KKeauXCGNmdy.jpg			0	457	parent_comment_id,deleted,user_vote_type,is_mod,is_admin
30338	7460497	170894		do we have some news about the next season?	2025-12-26T19:26:14.000Z			0	0		Gaur2704	https://s4.anilist.co/file/anilistcdn/user/avatar/medium/b7460497-1GMCFGbxHWNT.jpg			0	18	parent_comment_id,deleted,tag,user_vote_type,is_mod,is_admin
26906	6218408	170894		you guys should read this peak	2025-08-14T12:36:56.000Z			1	0		Hanxxx77	https://s4.anilist.co/file/anilistcdn/user/avatar/medium/b6218408-EYGuEnxs5wY2.jpg			0	17	parent_comment_id,deleted,tag,user_vote_type,is_mod,is_admin
22963	7296756	170894		I am thinking of reading it	2025-04-23T13:08:09.000Z			0	0		esreadwatch	https://s4.anilist.co/file/anilistcdn/user/avatar/medium/default.png			0	0	parent_comment_id,deleted,tag,user_vote_type,is_mod,is_admin
21226	7233620	170894		this manhwa is awesome ğŸ˜ğŸ˜ğŸ˜ğŸ˜ğŸ˜ğŸ˜	2025-03-19T09:53:23.000Z			0	0		Cheronjit	https://s4.anilist.co/file/anilistcdn/user/avatar/medium/default.png			0	0	parent_comment_id,deleted,tag,user_vote_type,is_mod,is_admin
19985	6762676	170894		Already finished few days and still peak	2025-02-05T15:40:53.000Z			1	0		TempestASAP	https://s4.anilist.co/file/anilistcdn/user/avatar/medium/b6762676-HcSk8ce1U3M6.jpg			0	17	parent_comment_id,deleted,tag,user_vote_type,is_mod,is_admin
19982	5936117	170894		Peak is backkkkk ğŸ—£ï¸ğŸ—£ï¸ğŸ—£ï¸ğŸ—£ï¸ğŸ”¥ğŸ”¥ğŸ”¥ğŸ”¥	2025-02-05T14:27:13.000Z			1	0		ICE2	https://s4.anilist.co/file/anilistcdn/user/avatar/medium/b5936117-sUBqyh4GpIjo.jpg			0	5	parent_comment_id,deleted,tag,user_vote_type,is_mod,is_admin
553	6041126	170894		I'm reading 	2024-02-19T07:45:51.000Z			1	0		Feenin	https://s4.anilist.co/file/anilistcdn/user/avatar/medium/b6041126-wGzvE6FkPsJZ.png			1	4	parent_comment_id,deleted,tag,user_vote_type,is_mod,is_admin
534	5790266	170894		new fav manga fr	2024-02-19T04:09:34.000Z			1	0		takarealist112	https://s4.anilist.co/file/anilistcdn/user/avatar/medium/b5790266-7Nk3qlgwM6gV.jpg	1		0	32	parent_comment_id,deleted,tag,user_vote_type,is_admin
265	5790266	170894		let me know if  anyone reads this	2024-02-16T15:34:56.000Z			1	0		takarealist112	https://s4.anilist.co/file/anilistcdn/user/avatar/medium/b5790266-7Nk3qlgwM6gV.jpg	1		0	32	parent_comment_id,deleted,tag,user_vote_type,is_admin
12541	726755	178707		Soon they will get married.	2024-06-28T20:37:41.000Z			1	0		Aiscion	https://s4.anilist.co/file/anilistcdn/user/avatar/medium/b726755-YS0UEKLaaZuR.jpg			1	6	parent_comment_id,deleted,tag,user_vote_type,is_mod,is_admin
30160	5780445	189980		just give me that damn system too à² â ï¹â à² 	2025-12-18T19:14:04.000Z			1	0		1Rayz	https://s4.anilist.co/file/anilistcdn/user/avatar/medium/b5780445-YnLYUUQrG7sq.jpg			1	13	parent_comment_id,deleted,tag,user_vote_type,is_mod,is_admin
22835	6155030	189980		"Kinda good... would've been better if there were actual ""scenes*"	2025-04-19T19:18:57.000Z			0	0		KurumiTokisakii	https://s4.anilist.co/file/anilistcdn/user/avatar/medium/b6155030-DrnWxm7jQCjZ.jpg			1	13	parent_comment_id,deleted,tag,user_vote_type,is_mod,is_admin
30661	6907832	187942		I have been waiting for this ğŸ¤—	2026-01-07T05:26:16.000Z			1	0		Subaaruu	https://s4.anilist.co/file/anilistcdn/user/avatar/medium/b6907832-OcSAvb87Hu79.jpg			0	8	parent_comment_id,deleted,tag,user_vote_type,is_mod,is_admin
30650	6415908	187942		okayy... this is good.	2026-01-07T00:55:30.000Z			1	0		Fearocanity	https://s4.anilist.co/file/anilistcdn/user/avatar/medium/b6415908-Bd4DNPf0taaA.jpg			0	214	parent_comment_id,deleted,tag,user_vote_type,is_mod,is_admin
30643	6283259	187942		i read and enjoyed the manga quite a bit a while ago but I never truly managed to imagine their voices... I feel like I'm not ready to hear va for them	2026-01-06T18:33:36.000Z			0	0		OneRandomDude	https://s4.anilist.co/file/anilistcdn/user/avatar/medium/default.png			1	149	parent_comment_id,deleted,tag,user_vote_type,is_mod,is_admin
29045	6220420	187942		let go  Jan 2026 	2025-10-26T03:21:38.000Z			1	0		SamSupernoods	https://s4.anilist.co/file/anilistcdn/user/avatar/medium/b6220420-zlia11ygcykd.jpg			0	14	parent_comment_id,deleted,tag,user_vote_type,is_mod,is_admin
21177	6415908	187942		okayyy!! some says its good.	2025-03-18T02:34:35.000Z			1	0		Fearocanity	https://s4.anilist.co/file/anilistcdn/user/avatar/medium/b6415908-Bd4DNPf0taaA.jpg			0	214	parent_comment_id,deleted,tag,user_vote_type,is_mod,is_admin
21057	6237399	187942		The manga is actually pretty good so you guys can put it in your planning. ||Rikka's hair look kinda weird tho, like too bland||	2025-03-15T07:45:33.000Z			1	3		Dawnusedyeet	https://s4.anilist.co/file/anilistcdn/user/avatar/medium/b6237399-RHFvRHriXjwS.png	1		0	51	parent_comment_id,deleted,tag,user_vote_type,is_admin
21056	744085	187942		I am waiting for this! truly a kino series!	2025-03-15T07:30:36.000Z			1	0		Azakami02	https://s4.anilist.co/file/anilistcdn/user/avatar/medium/default.png			1	1	parent_comment_id,deleted,tag,user_vote_type,is_mod,is_admin
21025	6120929	187942		Oh guys, it's really here. Can't wait for the anime adaptation of this masterpiece. I hope they gather wonderful VA to pump life to this wonderful story.	2025-03-14T16:42:54.000Z			1	0		SushanLog	https://s4.anilist.co/file/anilistcdn/user/avatar/medium/b6120929-KKeauXCGNmdy.jpg			0	457	parent_comment_id,deleted,tag,user_vote_type,is_mod,is_admin
30703	7171235	185262		isekai pokemon	2026-01-08T00:21:13.000Z			0	0		Yappatron	https://s4.anilist.co/file/anilistcdn/user/avatar/medium/b7171235-DNk67QJkbGiw.jpg			0	105	parent_comment_id,deleted,tag,user_vote_type,is_mod,is_admin
29559	6120929	185262		From the synopsis seems interesting 	2025-11-14T12:31:59.000Z			0	0		SushanLog	https://s4.anilist.co/file/anilistcdn/user/avatar/medium/b6120929-KKeauXCGNmdy.jpg			0	457	parent_comment_id,deleted,tag,user_vote_type,is_mod,is_admin
25896	6415908	185262		the teaser visual has released.	2025-07-19T08:42:07.000Z			0	0		Fearocanity	https://s4.anilist.co/file/anilistcdn/user/avatar/medium/b6415908-Bd4DNPf0taaA.jpg			0	214	parent_comment_id,deleted,tag,user_vote_type,is_mod,is_admin
24171	6415908	185262		||another `isekai` trope where he trapped on the game, but he trapped and selected the hell mode (hard mode).||  lets see what they're cooking	2025-06-06T04:02:48.000Z			0	0		Fearocanity	https://s4.anilist.co/file/anilistcdn/user/avatar/medium/b6415908-Bd4DNPf0taaA.jpg			0	214	parent_comment_id,deleted,tag,user_vote_type,is_mod,is_admin
30720	6461746	172463		waiting patiently to goon ğŸ«¡	2026-01-08T06:50:46.000Z			0	0		Baytec100	https://s4.anilist.co/file/anilistcdn/user/avatar/medium/b6461746-VvLLE98juna4.jpg			0	3	parent_comment_id,deleted,tag,user_vote_type,is_mod,is_admin
30711	7618901	172463		Wait	2026-01-08T03:01:49.000Z			0	0		imbatman10	https://s4.anilist.co/file/anilistcdn/user/avatar/medium/b7618901-MVrmJq37Gdfi.jpg			0	0	parent_comment_id,deleted,tag,user_vote_type,is_mod,is_admin
30709	7434416	172463		16 hours left ğŸ¥¹ğŸ™ğŸ¼	2026-01-08T02:08:33.000Z			0	0		MJKSHT	https://s4.anilist.co/file/anilistcdn/user/avatar/medium/b7434416-jqdsJFs2KMva.jpg			0	-4	parent_comment_id,deleted,tag,user_vote_type,is_mod,is_admin
30665	7282308	172463		finally 	2026-01-07T10:41:09.000Z			0	0		Draugyn	https://s4.anilist.co/file/anilistcdn/user/avatar/medium/b7282308-qZ4Jju1GEt9D.jpg			0	31	parent_comment_id,deleted,tag,user_vote_type,is_mod,is_admin
29486	6127908	172463		Excited for thisss	2025-11-11T21:13:41.000Z			0	0		subhajitmahanta	https://s4.anilist.co/file/anilistcdn/user/avatar/medium/b6127908-EPpPdA3q6KYg.png			0	0	parent_comment_id,deleted,tag,user_vote_type,is_mod,is_admin
28586	6208355	172463		be a good one :/ 	2025-10-11T19:07:54.000Z			0	0		NITHINSPACETIME	https://s4.anilist.co/file/anilistcdn/user/avatar/medium/b6208355-7AAelM4EjF3y.png			0	67	parent_comment_id,deleted,tag,user_vote_type,is_mod,is_admin
17642	5344168	172463		gonna be a good one	2024-11-21T16:05:07.000Z			0	0		Zoreal	https://s4.anilist.co/file/anilistcdn/user/avatar/medium/default.png			0	0	parent_comment_id,deleted,tag,user_vote_type,is_mod,is_admin
30653	6415908	183984		I already hate this anime. ||I hate when anime does this MC bait thing, it tickles me.||	2026-01-07T03:27:02.000Z		1	0	0		Fearocanity	https://s4.anilist.co/file/anilistcdn/user/avatar/medium/b6415908-Bd4DNPf0taaA.jpg			1	214	parent_comment_id,deleted,user_vote_type,is_mod,is_admin
26643	6876731	183984		what's this?	2025-08-08T20:10:09.000Z			0	0		Xierten	https://s4.anilist.co/file/anilistcdn/user/avatar/medium/b6876731-MbUMGuICHgwh.jpg			0	7	parent_comment_id,deleted,tag,user_vote_type,is_mod,is_admin
22984	6415908	183984		wait this game having an Anime?	2025-04-24T03:33:49.000Z			0	0		Fearocanity	https://s4.anilist.co/file/anilistcdn/user/avatar/medium/b6415908-Bd4DNPf0taaA.jpg			0	214	parent_comment_id,deleted,tag,user_vote_type,is_mod,is_admin
30679	6017464	30002		hello	2026-01-07T18:34:58.000Z			0	0		Kinshuk	https://s4.anilist.co/file/anilistcdn/user/avatar/medium/b6017464-xTmDiiK7bb0B.png			0	17	parent_comment_id,deleted,tag,user_vote_type,is_mod,is_admin
30094	6579452	30002		Just started, let's see how this goes... 	2025-12-14T22:45:40.000Z			1	0		MasterGamer6000	https://s4.anilist.co/file/anilistcdn/user/avatar/medium/b6579452-2AxpBr84gAe6.jpg			0	29	parent_comment_id,deleted,tag,user_vote_type,is_mod,is_admin
22453	6836492	30002		Wait on this will be brutal. Took me 2-3 days to read all 380 chapters.... now I wait	2025-04-10T17:46:38.000Z			1	0		roublemac9	https://s4.anilist.co/file/anilistcdn/user/avatar/medium/default.png			1	1	parent_comment_id,deleted,tag,user_vote_type,is_mod,is_admin
22431	6510718	30002		I can't read shi	2025-04-10T12:26:46.000Z			0	0		Gabrieleberta7	https://s4.anilist.co/file/anilistcdn/user/avatar/medium/default.png			0	0	parent_comment_id,deleted,tag,user_vote_type,is_mod,is_admin
20594	6731485	30002		chapter 380 is literally the name of Sekiro ğŸ˜­	2025-02-27T21:23:41.000Z			0	0		HusenD	https://s4.anilist.co/file/anilistcdn/user/avatar/medium/b6731485-4qn8LE6kREFH.png			0	3	parent_comment_id,deleted,tag,user_vote_type,is_mod,is_admin
20035	6355293	30002		it's sad how I have to wait months,  Just to read a chapter in 5 mins maybe less ğŸ˜­	2025-02-07T14:08:33.000Z			1	0		ZeyadM7md	https://s4.anilist.co/file/anilistcdn/user/avatar/medium/b6355293-YNLr3uonyu9A.jpg			0	15	parent_comment_id,deleted,tag,user_vote_type,is_mod,is_admin
19130	5469267	30002		nice	2025-01-11T17:15:40.000Z			1	0		3ckortreat	https://s4.anilist.co/file/anilistcdn/user/avatar/medium/default.png			0	1	parent_comment_id,deleted,tag,user_vote_type,is_mod,is_admin
18798	7103172	30002		I remember reading golden age at school	2025-01-05T09:24:29.000Z			0	0		BaronTiber	https://s4.anilist.co/file/anilistcdn/user/avatar/medium/default.png			0	0	parent_comment_id,deleted,tag,user_vote_type,is_mod,is_admin
18793	6355293	30002		I will end before berserk fr	2025-01-05T05:33:39.000Z			0	0		ZeyadM7md	https://s4.anilist.co/file/anilistcdn/user/avatar/medium/b6355293-YNLr3uonyu9A.jpg			0	15	parent_comment_id,deleted,tag,user_vote_type,is_mod,is_admin
18371	6355293	30002		w comment fr	2024-12-22T19:06:51.000Z			0	0		ZeyadM7md	https://s4.anilist.co/file/anilistcdn/user/avatar/medium/b6355293-YNLr3uonyu9A.jpg			0	15	parent_comment_id,deleted,tag,user_vote_type,is_mod,is_admin
23892	6355293	30002		I think that too but they are different categories so I wouldn't compare them	2024-12-22T19:06:05.000Z			0	0		ZeyadM7md	https://s4.anilist.co/file/anilistcdn/user/avatar/medium/b6355293-YNLr3uonyu9A.jpg			0	15	parent_comment_id,deleted,tag,user_vote_type,is_mod,is_admin
17320	6355293	30002		goat	2024-11-07T11:37:17.000Z			0	0		ZeyadM7md	https://s4.anilist.co/file/anilistcdn/user/avatar/medium/b6355293-YNLr3uonyu9A.jpg			0	15	parent_comment_id,deleted,tag,user_vote_type,is_mod,is_admin
17313	6801106	30002		I will ğŸ™‚	2024-11-07T06:26:52.000Z			0	0		Ashawathma	https://s4.anilist.co/file/anilistcdn/user/avatar/medium/default.png			0	1	parent_comment_id,deleted,tag,user_vote_type,is_mod,is_admin
17267	6801106	30002		The goat is coming back ğŸ”¥	2024-11-05T06:24:35.000Z			0	0		Ashawathma	https://s4.anilist.co/file/anilistcdn/user/avatar/medium/default.png			0	1	parent_comment_id,deleted,tag,user_vote_type,is_mod,is_admin
17233	6355293	30002		literally the best manga I've ever read, yet the author writes 1 chapter every 6 months which is absolutely insane and I hate it, but the original author died long ago so there is nothing I can do but watch this anime which is great but all the other seasons are CGI shit fr, don't believe? go watch	2024-11-03T18:00:52.000Z			0	0		ZeyadM7md	https://s4.anilist.co/file/anilistcdn/user/avatar/medium/b6355293-YNLr3uonyu9A.jpg			0	15	parent_comment_id,deleted,tag,user_vote_type,is_mod,is_admin
17007	6943135	30002		no lies!  i used to watch OP with my friend in dorm room and i dropped it after 900+ episodes. its good anime but DEFINITELY NOT the best.  at the end  its our personal opinion and people should watch what they enjoyğŸ˜†	2024-10-28T15:45:40.000Z			0	0		ikr	https://s4.anilist.co/file/anilistcdn/user/avatar/medium/b6943135-mW7Oi8b4G6zF.png			0	3	parent_comment_id,deleted,tag,user_vote_type,is_mod,is_admin
15600	6265279	30002		it is not funny	2024-09-24T09:14:19.000Z			0	0		Prathamvijaybimala	https://s4.anilist.co/file/anilistcdn/user/avatar/medium/default.png			0	-1	parent_comment_id,deleted,tag,user_vote_type,is_mod,is_admin
15134	6889446	30002		more chapters â‰  Better story	2024-09-07T12:47:32.000Z			0	0		Azaan123	https://s4.anilist.co/file/anilistcdn/user/avatar/medium/default.png			0	0	parent_comment_id,deleted,tag,user_vote_type,is_mod,is_admin
15107	6775392	30002		Rest in peace ä¸‰æµ¦ å»ºå¤ªéƒ.	2024-09-06T17:51:40.000Z			0	0		Malumick	https://s4.anilist.co/file/anilistcdn/user/avatar/medium/b6775392-dgqEHIspz6q8.png			0	1	parent_comment_id,deleted,tag,user_vote_type,is_mod,is_admin
15102	6355293	30002		his assistant is the lazy one bro	2024-09-06T15:17:23.000Z			0	0		ZeyadM7md	https://s4.anilist.co/file/anilistcdn/user/avatar/medium/b6355293-YNLr3uonyu9A.jpg			0	15	parent_comment_id,deleted,tag,user_vote_type,is_mod,is_admin
15063	6889446	30002		author is dead	2024-09-05T14:10:28.000Z			0	0		Azaan123	https://s4.anilist.co/file/anilistcdn/user/avatar/medium/default.png			0	0	parent_comment_id,deleted,tag,user_vote_type,is_mod,is_admin
14861	6355293	30002		lazy author fr	2024-08-30T14:50:59.000Z			0	0		ZeyadM7md	https://s4.anilist.co/file/anilistcdn/user/avatar/medium/b6355293-YNLr3uonyu9A.jpg			0	15	parent_comment_id,deleted,tag,user_vote_type,is_mod,is_admin
14711	6636444	30002		how the hell does these manga came before one piece and one piece have triple amount of chapters	2024-08-24T06:26:12.000Z			0	0		Benemaru	https://s4.anilist.co/file/anilistcdn/user/avatar/medium/default.png			0	2	parent_comment_id,deleted,tag,user_vote_type,is_mod,is_admin
12810	778172	30002		damn I was living my life comfortably but then I read this	2024-07-04T14:53:51.000Z			0	0		magicman00	https://s4.anilist.co/file/anilistcdn/user/avatar/medium/b778172-ahtlH5dYkoal.jpg			0	0	parent_comment_id,deleted,tag,user_vote_type,is_mod,is_admin
12602	6285647	30002		the peak	2024-06-30T15:31:01.000Z			0	0		9ixe	https://s4.anilist.co/file/anilistcdn/user/avatar/medium/b6285647-v4FoYQQBItAT.jpg			0	0	parent_comment_id,deleted,tag,user_vote_type,is_mod,is_admin
12496	5905435	30002		when's the next chapter gonna come out?	2024-06-27T17:48:39.000Z			0	0		atrv0o0	https://s4.anilist.co/file/anilistcdn/user/avatar/medium/b5905435-1bTwZlOeadRM.jpg			0	6	parent_comment_id,deleted,tag,user_vote_type,is_mod,is_admin
11900	6194321	30002		I'm touring 80 when this manga finishes	2024-06-08T21:55:38.000Z			0	0		Hapsan	https://s4.anilist.co/file/anilistcdn/user/avatar/medium/b6194321-uXElCwdDdm95.png			0	6	parent_comment_id,deleted,tag,user_vote_type,is_mod,is_admin
11107	6749278	30002		Donovan my beloved	2024-05-13T02:20:50.000Z			0	0		Unsaintlygrimm	https://s4.anilist.co/file/anilistcdn/user/avatar/medium/default.png			0	1	parent_comment_id,deleted,tag,user_vote_type,is_mod,is_admin
6358	6749278	30002		Donovan my beloved	2024-05-13T02:20:50.000Z			1	0		Unsaintlygrimm	https://s4.anilist.co/file/anilistcdn/user/avatar/medium/default.png			0	1	parent_comment_id,deleted,tag,user_vote_type,is_mod,is_admin
11016	5720622	30002		absolutely ğŸ’¯	2024-05-10T11:11:00.000Z			0	0		SHARIQ	https://s4.anilist.co/file/anilistcdn/user/avatar/medium/b5720622-MTYiQRouLv8h.jpg			0	3	parent_comment_id,deleted,tag,user_vote_type,is_mod,is_admin
6224	6542329	30002		chadserk ğŸ—¿	2024-05-10T10:47:48.000Z			3	0		RafTzu	https://s4.anilist.co/file/anilistcdn/user/avatar/medium/b6542329-QqaKVwvDRpP4.jpg			0	8	parent_comment_id,deleted,tag,user_vote_type,is_mod,is_admin
11014	6542329	30002		chadserk ğŸ—¿	2024-05-10T10:47:48.000Z			0	0		RafTzu	https://s4.anilist.co/file/anilistcdn/user/avatar/medium/b6542329-QqaKVwvDRpP4.jpg			0	8	parent_comment_id,deleted,tag,user_vote_type,is_mod,is_admin
10968	6138579	30002		ğŸ	2024-05-08T21:06:21.000Z			0	0		Watermelonloverboy	https://s4.anilist.co/file/anilistcdn/user/avatar/medium/b6138579-AfrxdVEOZL9c.jpg			0	-5	parent_comment_id,deleted,tag,user_vote_type,is_mod,is_admin
23840	6300741	30002		ğŸ	2024-05-07T20:42:16.000Z			0	0		Cryptorial	https://s4.anilist.co/file/anilistcdn/user/avatar/medium/b6300741-hpaCPYCJTwLk.jpg			0	2	parent_comment_id,deleted,tag,user_vote_type,is_mod,is_admin
6133	6300741	30002		ğŸ 	2024-05-07T20:42:16.000Z			3	0		Cryptorial	https://s4.anilist.co/file/anilistcdn/user/avatar/medium/b6300741-hpaCPYCJTwLk.jpg			0	2	parent_comment_id,deleted,tag,user_vote_type,is_mod,is_admin
10939	6300741	30002		ğŸ	2024-05-07T20:42:10.000Z			0	0		Cryptorial	https://s4.anilist.co/file/anilistcdn/user/avatar/medium/b6300741-hpaCPYCJTwLk.jpg			0	2	parent_comment_id,deleted,tag,user_vote_type,is_mod,is_admin
5901	5559024	30002		ğŸ	2024-05-02T18:26:16.000Z			0	1		Taikagi	https://s4.anilist.co/file/anilistcdn/user/avatar/medium/b5559024-SevaY41M99pN.png			0	-1	parent_comment_id,deleted,tag,user_vote_type,is_mod,is_admin
10753	5559024	30002		ğŸ	2024-05-02T18:26:16.000Z			0	0		Taikagi	https://s4.anilist.co/file/anilistcdn/user/avatar/medium/b5559024-SevaY41M99pN.png			0	-1	parent_comment_id,deleted,tag,user_vote_type,is_mod,is_admin
10540	6455906	30002		new berk	2024-04-26T14:30:43.000Z			0	0		lftvrs	https://s4.anilist.co/file/anilistcdn/user/avatar/medium/b6455906-EZmuqlM4mRtc.jpg			0	24	parent_comment_id,deleted,tag,user_vote_type,is_mod,is_admin
5624	6455906	30002		new berk 	2024-04-26T14:30:43.000Z			0	0		lftvrs	https://s4.anilist.co/file/anilistcdn/user/avatar/medium/b6455906-EZmuqlM4mRtc.jpg			0	24	parent_comment_id,deleted,tag,user_vote_type,is_mod,is_admin
2335	6506062	30002		actually goated	2024-04-08T03:53:23.000Z			2	1		s4isho	https://s4.anilist.co/file/anilistcdn/user/avatar/medium/b6506062-sUGgFloxkLXh.jpg			0	1	parent_comment_id,deleted,tag,user_vote_type,is_mod,is_admin
9461	6194321	30002		idk 100 yrs for one new chap	2024-04-03T14:46:07.000Z			0	0		Hapsan	https://s4.anilist.co/file/anilistcdn/user/avatar/medium/b6194321-uXElCwdDdm95.png			0	6	parent_comment_id,deleted,tag,user_vote_type,is_mod,is_admin
4237	6194321	30002		idk 100 yrs for one new chap	2024-04-03T14:46:07.000Z			2	1		Hapsan	https://s4.anilist.co/file/anilistcdn/user/avatar/medium/b6194321-uXElCwdDdm95.png			1	6	parent_comment_id,deleted,tag,user_vote_type,is_mod,is_admin
8692	5618687	30002		ğŸ	2024-03-23T22:51:36.000Z			0	0		Acviper	https://s4.anilist.co/file/anilistcdn/user/avatar/medium/b5618687-wrNRjoa9sHR9.jpg			0	28	parent_comment_id,deleted,tag,user_vote_type,is_mod,is_admin
3214	5618687	30002		ğŸ	2024-03-23T22:51:35.000Z			2	0		Acviper	https://s4.anilist.co/file/anilistcdn/user/avatar/medium/b5618687-wrNRjoa9sHR9.jpg			0	28	parent_comment_id,deleted,tag,user_vote_type,is_mod,is_admin
8472	6591541	30002		when's the new chapter coming ğŸ¥²this series is just too G.O.A.T	2024-03-22T10:03:47.000Z			0	0		Foxslayer7	https://s4.anilist.co/file/anilistcdn/user/avatar/medium/default.png			0	1	parent_comment_id,deleted,tag,user_vote_type,is_mod,is_admin
2937	6591541	30002		when's the new chapter coming ğŸ¥²this series is just too G.O.A.T 	2024-03-22T10:03:47.000Z			2	0		Foxslayer7	https://s4.anilist.co/file/anilistcdn/user/avatar/medium/default.png			1	1	parent_comment_id,deleted,tag,user_vote_type,is_mod,is_admin
7993	6506062	30002		absolutely legendary work, a real masterpiece i say!	2024-03-20T13:33:07.000Z			0	0		s4isho	https://s4.anilist.co/file/anilistcdn/user/avatar/medium/b6506062-sUGgFloxkLXh.jpg			0	1	parent_comment_id,deleted,tag,user_vote_type,is_mod,is_admin
2049	6110204	30002		G.O.A.T ğŸ”¥ğŸ«¡	2024-03-19T11:28:39.000Z			1	0		itsmechinmoy	https://s4.anilist.co/file/anilistcdn/user/avatar/medium/b6110204-nhhnglDW5K7x.png	1		0	205	parent_comment_id,deleted,tag,user_vote_type,is_admin
7774	6110204	30002		G.O.A.T ğŸ”¥ğŸ«¡	2024-03-19T11:28:39.000Z			0	0		itsmechinmoy	https://s4.anilist.co/file/anilistcdn/user/avatar/medium/b6110204-nhhnglDW5K7x.png	1		0	205	parent_comment_id,deleted,tag,user_vote_type,is_admin
1471	6182526	30002		This shit is going down in history 	2024-03-05T12:36:02.000Z			1	0		meetsolanki	https://s4.anilist.co/file/anilistcdn/user/avatar/medium/b6182526-Jm7BNgBc80Fs.jpg			1	3	parent_comment_id,deleted,tag,user_vote_type,is_mod,is_admin
1365	6029845	30002		ğŸ goat	2024-03-02T06:59:30.000Z			1	0		Ginchaann	https://s4.anilist.co/file/anilistcdn/user/avatar/medium/b6029845-LLXOnAeqqXww.png	1		0	32	parent_comment_id,deleted,tag,user_vote_type,is_admin
1198	6021941	30002		Peak	2024-02-27T20:54:17.000Z			1	0		Walker00	https://s4.anilist.co/file/anilistcdn/user/avatar/medium/b6021941-zdldUqDcYJD5.png			0	3	parent_comment_id,deleted,tag,user_vote_type,is_mod,is_admin
582	6455906	30002		goated	2024-02-19T10:10:21.000Z			2	0		lftvrs	https://s4.anilist.co/file/anilistcdn/user/avatar/medium/b6455906-EZmuqlM4mRtc.jpg			0	24	parent_comment_id,deleted,tag,user_vote_type,is_mod,is_admin
251	5804776	30002		First	2024-02-16T02:53:30.000Z			4	1		SunglassJerry	https://s4.anilist.co/file/anilistcdn/user/avatar/medium/b5804776-P3s4mVko7Ttf.png	1		0	-1	parent_comment_id,deleted,tag,user_vote_type,is_admin
30721	382050	194742		She will Dou-minate our hearts by the end, truly the terrifying Maou-sama.	2026-01-08T09:32:23.000Z			0	0		UgetsuKitan	https://s4.anilist.co/file/anilistcdn/user/avatar/medium/b382050-kC7keHd7pcVT.jpg			0	65	parent_comment_id,deleted,tag,user_vote_type,is_mod,is_admin
30713	6135913	194742		cuteee	2026-01-08T03:28:51.000Z			0	0		JCSM2828	https://s4.anilist.co/file/anilistcdn/user/avatar/medium/b6135913-4hTc8QYiM6fD.jpg			0	12	parent_comment_id,deleted,tag,user_vote_type,is_mod,is_admin
30667	6283259	194742		âœ‹ğŸ˜ğŸ¤š	2026-01-07T12:10:01.000Z			1	0		OneRandomDude	https://s4.anilist.co/file/anilistcdn/user/avatar/medium/default.png			0	149	parent_comment_id,deleted,tag,user_vote_type,is_mod,is_admin
30666	382050	194742		Adorable.	2026-01-07T10:43:34.000Z			0	0		UgetsuKitan	https://s4.anilist.co/file/anilistcdn/user/avatar/medium/b382050-kC7keHd7pcVT.jpg			0	65	parent_comment_id,deleted,tag,user_vote_type,is_mod,is_admin
30657	6264291	194742		so damn cute ğŸ˜ğŸ˜	2026-01-07T03:53:58.000Z			0	0		GhostSlayer007	https://s4.anilist.co/file/anilistcdn/user/avatar/medium/default.png			0	0	parent_comment_id,deleted,tag,user_vote_type,is_mod,is_admin
30648	6181861	194742		wtf XDDD	2026-01-06T22:49:40.000Z			1	0		Teero	https://s4.anilist.co/file/anilistcdn/user/avatar/medium/b6181861-JiXGM0v1i4sA.png			0	6	parent_comment_id,deleted,tag,user_vote_type,is_mod,is_admin
30670	7186153	20665		just back tf up sonğŸ˜­ğŸ˜­ğŸ˜­ğŸ˜­ğŸ˜­	2026-01-07T13:06:52.000Z		9	0	0		guywithacoolname	https://s4.anilist.co/file/anilistcdn/user/avatar/medium/b7186153-5qAziLCZhm67.jpg			0	3	parent_comment_id,deleted,user_vote_type,is_mod,is_admin
22842	6532814	20665		never liked classical much but this is pretty good  (still not a fan of the character designs tho, who the hell decided to give anime characters lips)	2025-04-19T23:57:25.000Z			0	0		Cylixr	https://s4.anilist.co/file/anilistcdn/user/avatar/medium/b6532814-EQPR909wmBOJ.png			0	9	parent_comment_id,deleted,tag,user_vote_type,is_mod,is_admin
22750	5887819	20665		Now started With This heavy Heart	2025-04-17T16:44:27.000Z			0	0		FaallenDevil	https://s4.anilist.co/file/anilistcdn/user/avatar/medium/b5887819-Hua0Jiu6xqDN.jpg			0	0	parent_comment_id,deleted,tag,user_vote_type,is_mod,is_admin
22612	7116607	20665		Today was the finishing bow that destroyed me totally ğŸ˜­ğŸ˜­	2025-04-13T12:13:05.000Z			0	0		KimAllu	https://s4.anilist.co/file/anilistcdn/user/avatar/medium/b7116607-tBMrPsJ8AfWf.jpg			0	1	parent_comment_id,deleted,tag,user_vote_type,is_mod,is_admin
22599	6907832	20665		time to watch this	2025-04-13T06:35:29.000Z			0	0		Subaaruu	https://s4.anilist.co/file/anilistcdn/user/avatar/medium/b6907832-OcSAvb87Hu79.jpg			0	8	parent_comment_id,deleted,tag,user_vote_type,is_mod,is_admin
22579	6728920	20665		shit man no matter how many times i watch or how hard i try can't stop a single drop of ğŸ¥ºğŸ˜©	2025-04-12T19:58:20.000Z			0	0		SCorpi0	https://s4.anilist.co/file/anilistcdn/user/avatar/medium/b6728920-jCawohkfxScP.jpg			0	0	parent_comment_id,deleted,tag,user_vote_type,is_mod,is_admin
22128	7116607	20665		I am gonna start watching this masterpiece in april	2025-04-06T15:42:07.000Z			0	0		KimAllu	https://s4.anilist.co/file/anilistcdn/user/avatar/medium/b7116607-tBMrPsJ8AfWf.jpg			0	1	parent_comment_id,deleted,tag,user_vote_type,is_mod,is_admin
21977	7120756	20665		its that time of the year again	2025-04-04T00:58:50.000Z			0	0		Ashian	https://s4.anilist.co/file/anilistcdn/user/avatar/medium/b7120756-eHrVLxHuh4v4.png			0	2	parent_comment_id,deleted,tag,user_vote_type,is_mod,is_admin
21865	6819867	20665		its time	2025-04-02T08:38:56.000Z			0	0		heavenly001	https://s4.anilist.co/file/anilistcdn/user/avatar/medium/b6819867-LxvWFHV5CTkX.jpg			0	4	parent_comment_id,deleted,tag,user_vote_type,is_mod,is_admin
21863	7087917	20665		it's again april ğŸ’”	2025-04-02T07:48:41.000Z			0	0		Rpram143	https://s4.anilist.co/file/anilistcdn/user/avatar/medium/default.png			0	0	parent_comment_id,deleted,tag,user_vote_type,is_mod,is_admin
21823	6451566	20665		back again cuz of tradition ğŸ¥²	2025-04-01T16:37:57.000Z			0	0		Pirate	https://s4.anilist.co/file/anilistcdn/user/avatar/medium/b6451566-3BAfrZVXKGjn.jpg			0	12	parent_comment_id,deleted,tag,user_vote_type,is_mod,is_admin
21803	6569791	20665		ya ğŸ¥² time to re-watch	2025-04-01T09:14:43.000Z			0	0		HUSEN1	https://s4.anilist.co/file/anilistcdn/user/avatar/medium/b6569791-Ylro84z07BVO.jpg			0	4	parent_comment_id,deleted,tag,user_vote_type,is_mod,is_admin
21693	5970726	20665		its april again	2025-03-30T09:51:31.000Z			0	0		Sammaglin	https://s4.anilist.co/file/anilistcdn/user/avatar/medium/b5970726-eG2uorrf6AdD.jpg			0	0	parent_comment_id,deleted,tag,user_vote_type,is_mod,is_admin
20504	6052705	20665		GOOD SHIT	2025-02-24T07:37:05.000Z			0	0		CamTheMemeMan	https://s4.anilist.co/file/anilistcdn/user/avatar/medium/default.png			0	0	parent_comment_id,deleted,tag,user_vote_type,is_mod,is_admin
19209	6827370	20665		I haven't watched this yet but I absolutely love the opening	2025-01-12T17:56:43.000Z			0	0		kinger74	https://s4.anilist.co/file/anilistcdn/user/avatar/medium/b6827370-TqHUfeBqrBmI.jpg			0	14	parent_comment_id,deleted,tag,user_vote_type,is_mod,is_admin
13366	5391431	20665		"<img src=""https://i.imgur.com/rVNi1aU.jpeg"" alt="""">"	2024-07-13T20:46:53.000Z			0	0		Dezron	https://s4.anilist.co/file/anilistcdn/user/avatar/medium/b5391431-LWkvf3SwNG0N.png			0	30	parent_comment_id,deleted,tag,user_vote_type,is_mod,is_admin
11394	6415908	20665		bruh.	2024-05-21T22:26:34.000Z			0	0		Fearocanity	https://s4.anilist.co/file/anilistcdn/user/avatar/medium/b6415908-Bd4DNPf0taaA.jpg			0	214	parent_comment_id,deleted,tag,user_vote_type,is_mod,is_admin
6714	6415908	20665		bruh.	2024-05-21T22:26:34.000Z			0	0		Fearocanity	https://s4.anilist.co/file/anilistcdn/user/avatar/medium/b6415908-Bd4DNPf0taaA.jpg			0	214	parent_comment_id,deleted,tag,user_vote_type,is_mod,is_admin
5720	6038705	20665		If only they had a better endingğŸ˜­	2024-04-28T15:07:12.000Z			1	0		ShenNote	https://s4.anilist.co/file/anilistcdn/user/avatar/medium/b6038705-PI0dSsm0jK4F.png			0	3	parent_comment_id,deleted,tag,user_vote_type,is_mod,is_admin
9886	5976348	20665		bro I tried to watch but I can't it's so emotional	2024-04-09T16:16:01.000Z			0	0		RISHU05	https://s4.anilist.co/file/anilistcdn/user/avatar/medium/b5976348-BGktY8KVYsN7.jpg			0	-1	parent_comment_id,deleted,tag,user_vote_type,is_mod,is_admin
9867	6451566	20665		yaayyy let's do it	2024-04-09T13:58:17.000Z			0	0		Pirate	https://s4.anilist.co/file/anilistcdn/user/avatar/medium/b6451566-3BAfrZVXKGjn.jpg			0	12	parent_comment_id,deleted,tag,user_vote_type,is_mod,is_admin
9866	6451566	20665		everyone must watch it in April	2024-04-09T13:51:46.000Z			0	0		Pirate	https://s4.anilist.co/file/anilistcdn/user/avatar/medium/b6451566-3BAfrZVXKGjn.jpg			0	12	parent_comment_id,deleted,tag,user_vote_type,is_mod,is_admin
4717	5976348	20665		it's April should I watch this anime again please reply 	2024-04-09T05:00:02.000Z			1	0		RISHU05	https://s4.anilist.co/file/anilistcdn/user/avatar/medium/b5976348-BGktY8KVYsN7.jpg			2	-1	parent_comment_id,deleted,tag,user_vote_type,is_mod,is_admin
9837	6701529	20665		real DAWG ğŸ˜	2024-04-09T04:58:16.000Z			0	0		Thewoderer	https://s4.anilist.co/file/anilistcdn/user/avatar/medium/b6701529-GRNneXrKwLYt.jpg			0	0	parent_comment_id,deleted,tag,user_vote_type,is_mod,is_admin
9784	6153589	20665		people who really cried >	2024-04-08T09:04:54.000Z			0	0		EndaNogah	https://s4.anilist.co/file/anilistcdn/user/avatar/medium/b6153589-En1OXJMmaHL5.png			0	-7	parent_comment_id,deleted,tag,user_vote_type,is_mod,is_admin
4648	6153589	20665		people who really cried >	2024-04-08T09:04:53.000Z			3	1		EndaNogah	https://s4.anilist.co/file/anilistcdn/user/avatar/medium/b6153589-En1OXJMmaHL5.png			1	-7	parent_comment_id,deleted,tag,user_vote_type,is_mod,is_admin
9589	6400701	20665		we'll suffer together in this hell dazai and may be we can double suicide together	2024-04-06T06:24:17.000Z			0	0		ZehniSaksh	https://s4.anilist.co/file/anilistcdn/user/avatar/medium/b6400701-e697PSwZcddx.png			0	38	parent_comment_id,deleted,tag,user_vote_type,is_mod,is_admin
9355	6162699	20665		Another Spring without you is hereğŸ’Ÿ	2024-04-02T08:01:54.000Z			0	0		Livid	https://s4.anilist.co/file/anilistcdn/user/avatar/medium/b6162699-l4OvplnxtCLr.png			0	7	parent_comment_id,deleted,tag,user_vote_type,is_mod,is_admin
4092	6162699	20665		Another Spring without you is hereğŸ’Ÿ	2024-04-02T08:01:54.000Z			4	1		Livid	https://s4.anilist.co/file/anilistcdn/user/avatar/medium/b6162699-l4OvplnxtCLr.png			0	7	parent_comment_id,deleted,tag,user_vote_type,is_mod,is_admin
9333	6400701	20665		the devs did Your Lie In April dirty bro, my boy doesn't deserve this	2024-04-02T01:24:32.000Z			0	0		ZehniSaksh	https://s4.anilist.co/file/anilistcdn/user/avatar/medium/b6400701-e697PSwZcddx.png			0	38	parent_comment_id,deleted,tag,user_vote_type,is_mod,is_admin
4066	6400701	20665		the devs did Your Lie In April dirty bro, my boy doesn't deserve this 	2024-04-02T01:24:31.000Z			4	0		ZehniSaksh	https://s4.anilist.co/file/anilistcdn/user/avatar/medium/b6400701-e697PSwZcddx.png			1	38	parent_comment_id,deleted,tag,user_vote_type,is_mod,is_admin
9304	6400701	20665		April's here So I am back to Hurt myself again	2024-04-01T15:59:42.000Z			0	0		ZehniSaksh	https://s4.anilist.co/file/anilistcdn/user/avatar/medium/b6400701-e697PSwZcddx.png			0	38	parent_comment_id,deleted,tag,user_vote_type,is_mod,is_admin
4032	6400701	20665		April's here So I am back to Hurt myself again	2024-04-01T15:59:42.000Z			2	0		ZehniSaksh	https://s4.anilist.co/file/anilistcdn/user/avatar/medium/b6400701-e697PSwZcddx.png			1	38	parent_comment_id,deleted,tag,user_vote_type,is_mod,is_admin
4031	6456629	20665		April's here	2024-04-01T15:40:09.000Z			1	0		UNKNOWN0MPN	https://s4.anilist.co/file/anilistcdn/user/avatar/medium/default.png			0	1	parent_comment_id,deleted,tag,user_vote_type,is_mod,is_admin
3965	5786408	20665		april tomm, time to hurt myself again	2024-03-31T16:10:22.000Z			0	0		pelep	https://s4.anilist.co/file/anilistcdn/user/avatar/medium/b5786408-qFsJ7j1LrbrF.jpg			0	27	parent_comment_id,deleted,tag,user_vote_type,is_mod,is_admin
9262	5786408	20665		april tomm, time to hurt myself again	2024-03-31T16:10:14.000Z			0	0		pelep	https://s4.anilist.co/file/anilistcdn/user/avatar/medium/b5786408-qFsJ7j1LrbrF.jpg			0	27	parent_comment_id,deleted,tag,user_vote_type,is_mod,is_admin
9134	5786408	20665		hapoy ending right?	2024-03-30T01:10:38.000Z			0	0		pelep	https://s4.anilist.co/file/anilistcdn/user/avatar/medium/b5786408-qFsJ7j1LrbrF.jpg			0	27	parent_comment_id,deleted,tag,user_vote_type,is_mod,is_admin
8950	6623803	20665		who steal my tissues?ğŸ¤§ğŸ˜­ğŸ˜­ğŸ˜­	2024-03-27T03:26:51.000Z			0	0		JohnXD	https://s4.anilist.co/file/anilistcdn/user/avatar/medium/b6623803-zZrbpQg2u93u.jpg			0	6	parent_comment_id,deleted,tag,user_vote_type,is_mod,is_admin
3558	6623803	20665		who steal my tissues?ğŸ¤§ğŸ˜­ğŸ˜­ğŸ˜­	2024-03-27T03:26:51.000Z			2	0		JohnXD	https://s4.anilist.co/file/anilistcdn/user/avatar/medium/b6623803-zZrbpQg2u93u.jpg			0	6	parent_comment_id,deleted,tag,user_vote_type,is_mod,is_admin
8914	6162699	20665		Most FavğŸ’”âœ¨	2024-03-26T10:33:17.000Z			0	0		Livid	https://s4.anilist.co/file/anilistcdn/user/avatar/medium/b6162699-l4OvplnxtCLr.png			0	7	parent_comment_id,deleted,tag,user_vote_type,is_mod,is_admin
3505	6162699	20665		Most FavğŸ’”âœ¨	2024-03-26T10:33:17.000Z			1	0		Livid	https://s4.anilist.co/file/anilistcdn/user/avatar/medium/b6162699-l4OvplnxtCLr.png			0	7	parent_comment_id,deleted,tag,user_vote_type,is_mod,is_admin
2855	6451566	20665		I didn't know that It would end like this ğŸ˜¢	2024-03-21T16:22:53.000Z			3	0		Pirate	https://s4.anilist.co/file/anilistcdn/user/avatar/medium/b6451566-3BAfrZVXKGjn.jpg			1	12	parent_comment_id,deleted,tag,user_vote_type,is_mod,is_admin
2507	6621131	20665		if they could confessed face to face	2024-03-20T19:02:48.000Z			0	0		ragnarlothbroke7	https://s4.anilist.co/file/anilistcdn/user/avatar/medium/b6621131-ptji3lQ33zxa.jpg			0	17	parent_comment_id,deleted,tag,user_vote_type,is_mod,is_admin
444	5757697	20665		Believe me it has the best happy ending.ğŸ˜	2024-02-16T15:49:27.000Z			4	1		TheInvincibleMikey	https://s4.anilist.co/file/anilistcdn/user/avatar/medium/b5757697-DpYCIkltZQZV.jpg			1	5	parent_comment_id,deleted,tag,user_vote_type,is_mod,is_admin
30675	5734125	140475		legendary romcom, one of the best and the anime adaptation so far has been phenomenal, cant wait for both to continue. 	2026-01-07T17:18:05.000Z			0	0		TheMaster45822	https://s4.anilist.co/file/anilistcdn/user/avatar/medium/b5734125-6N1f1gMHDVrw.jpg			0	0	parent_comment_id,deleted,tag,user_vote_type,is_mod,is_admin
30172	7560535	140475		just imagine 	2025-12-19T18:05:25.000Z			0	0		Dragontyg	https://s4.anilist.co/file/anilistcdn/user/avatar/medium/default.png			0	0	parent_comment_id,deleted,tag,user_vote_type,is_mod,is_admin
30171	7560535	140475		imagine	2025-12-19T18:05:11.000Z			0	0		Dragontyg	https://s4.anilist.co/file/anilistcdn/user/avatar/medium/default.png			0	0	parent_comment_id,deleted,tag,user_vote_type,is_mod,is_admin
24627	5791416	140475		[deleted]	2025-08-08T14:14:52.000Z	1		1	15		sksaif	https://s4.anilist.co/file/anilistcdn/user/avatar/medium/b5791416-JGHTN7rFBpL0.jpg			1	2	parent_comment_id,tag,user_vote_type,is_mod,is_admin
24288	6097556	140475		peak 	2025-06-10T12:25:56.000Z			8	0		Haroldz	https://s4.anilist.co/file/anilistcdn/user/avatar/medium/b6097556-2cJoyphP9y5c.png			0	33	parent_comment_id,deleted,tag,user_vote_type,is_mod,is_admin
20192	6819867	140475		peak	2025-02-13T05:14:11.000Z			4	0		heavenly001	https://s4.anilist.co/file/anilistcdn/user/avatar/medium/b6819867-LxvWFHV5CTkX.jpg			0	4	parent_comment_id,deleted,tag,user_vote_type,is_mod,is_admin
19915	6025655	140475		what are we imagining	2025-02-03T05:53:55.000Z			0	0		EpicTacoSenpai	https://s4.anilist.co/file/anilistcdn/user/avatar/medium/default.png			0	0	parent_comment_id,deleted,tag,user_vote_type,is_mod,is_admin
19828	5817887	140475		imagine	2025-01-30T15:13:48.000Z			0	0		Koishi213	https://s4.anilist.co/file/anilistcdn/user/avatar/medium/b5817887-TuXn6QS7OyNX.png			0	-2	parent_comment_id,deleted,tag,user_vote_type,is_mod,is_admin
19237	6697248	140475		damn .... loving this manga . it's ğŸ”¥	2025-01-13T05:41:25.000Z			1	0		aBiKaZe	https://s4.anilist.co/file/anilistcdn/user/avatar/medium/b6697248-t9qfUEpwdgtS.png			0	12	parent_comment_id,deleted,tag,user_vote_type,is_mod,is_admin
18079	6706338	140475		one of the greatest romance mangas ngl	2024-12-08T10:50:20.000Z			1	0		MintTree	https://s4.anilist.co/file/anilistcdn/user/avatar/medium/b6706338-qCIdC5H8fRqP.jpg			0	1	parent_comment_id,deleted,tag,user_vote_type,is_mod,is_admin
17793	7045219	140475		why there's no chapter available?	2024-11-27T00:25:36.000Z			0	0		gloomycure	https://s4.anilist.co/file/anilistcdn/user/avatar/medium/default.png			0	0	parent_comment_id,deleted,tag,user_vote_type,is_mod,is_admin
17769	6901694	140475		well it indeed is getting and animation looked beautiful	2024-11-25T22:12:23.000Z			1	0		Sakutaa21	https://s4.anilist.co/file/anilistcdn/user/avatar/medium/b6901694-vKMGmrw6VrKs.jpg			1	3	parent_comment_id,deleted,tag,user_vote_type,is_mod,is_admin
17211	5839150	140475		hopefully	2024-11-03T06:15:31.000Z			0	0		chinh4	https://s4.anilist.co/file/anilistcdn/user/avatar/medium/b5839150-BhzXhlmTURYD.png			0	5	parent_comment_id,deleted,tag,user_vote_type,is_mod,is_admin
16520	5786408	140475		well well well...	2024-10-14T11:39:13.000Z			0	0		pelep	https://s4.anilist.co/file/anilistcdn/user/avatar/medium/b5786408-qFsJ7j1LrbrF.jpg			0	27	parent_comment_id,deleted,tag,user_vote_type,is_mod,is_admin
15361	6891923	140475		saku is my bro i hope he gets the shot in 10 chapters	2024-09-15T16:25:05.000Z			0	0		rizkiacry	https://s4.anilist.co/file/anilistcdn/user/avatar/medium/default.png			0	-1	parent_comment_id,deleted,tag,user_vote_type,is_mod,is_admin
14875	6299293	140475		learn something for her Gojo. she's still alive	2024-08-31T08:31:20.000Z			0	0		Blackpooll	https://s4.anilist.co/file/anilistcdn/user/avatar/medium/b6299293-g8cMaN0hIwcC.jpg			0	1	parent_comment_id,deleted,tag,user_vote_type,is_mod,is_admin
12882	5986881	140475		i need more chapters of subaru and saku ğŸ¥²	2024-07-05T16:02:00.000Z			1	0		Hamid999906	https://s4.anilist.co/file/anilistcdn/user/avatar/medium/b5986881-qrN6soiYHXOy.png			0	-1	parent_comment_id,deleted,tag,user_vote_type,is_mod,is_admin
12454	6768965	140475		mann i wonder what Rintaro would choose in his future	2024-06-26T14:46:31.000Z			0	0		Minaaaq300	https://s4.anilist.co/file/anilistcdn/user/avatar/medium/b6768965-0kwNZoLFZJAd.png			0	0	parent_comment_id,deleted,tag,user_vote_type,is_mod,is_admin
12453	6768965	140475		Is the manga finished? Just finished reading chapter 115 andd bruhh i can't wait for the next one ğŸ˜­ğŸ˜­	2024-06-26T14:27:08.000Z			0	0		Minaaaq300	https://s4.anilist.co/file/anilistcdn/user/avatar/medium/b6768965-0kwNZoLFZJAd.png			0	0	parent_comment_id,deleted,tag,user_vote_type,is_mod,is_admin
11256	5786408	140475		i slice of life should be enough	2024-05-18T14:56:32.000Z			0	0		pelep	https://s4.anilist.co/file/anilistcdn/user/avatar/medium/b5786408-qFsJ7j1LrbrF.jpg			0	27	parent_comment_id,deleted,tag,user_vote_type,is_mod,is_admin
11255	5786408	140475		now, I don't know where the story is leading, hope the author did not have a plan to stop it yet	2024-05-18T14:56:22.000Z			0	0		pelep	https://s4.anilist.co/file/anilistcdn/user/avatar/medium/b5786408-qFsJ7j1LrbrF.jpg			0	27	parent_comment_id,deleted,tag,user_vote_type,is_mod,is_admin
6551	5786408	140475		now, I don't know where the story is leading, hope the author did not have a plan to stop it yet	2024-05-18T14:56:22.000Z			0	0		pelep	https://s4.anilist.co/file/anilistcdn/user/avatar/medium/b5786408-qFsJ7j1LrbrF.jpg			1	27	parent_comment_id,deleted,tag,user_vote_type,is_mod,is_admin
8732	5786408	140475		or like having an entire arc focusing on side characters like subaru natsusawa	2024-03-24T06:55:03.000Z			0	0		pelep	https://s4.anilist.co/file/anilistcdn/user/avatar/medium/b5786408-qFsJ7j1LrbrF.jpg			0	27	parent_comment_id,deleted,tag,user_vote_type,is_mod,is_admin
8730	5786408	140475		kind of, i hope there's a incident or a big sort of problem arc soon....	2024-03-24T06:54:28.000Z			0	0		pelep	https://s4.anilist.co/file/anilistcdn/user/avatar/medium/b5786408-qFsJ7j1LrbrF.jpg			0	27	parent_comment_id,deleted,tag,user_vote_type,is_mod,is_admin
8729	5786408	140475		definitely my favorite romance manga, hope it gets an anime adaptation soon	2024-03-24T06:53:42.000Z			0	0		pelep	https://s4.anilist.co/file/anilistcdn/user/avatar/medium/b5786408-qFsJ7j1LrbrF.jpg			0	27	parent_comment_id,deleted,tag,user_vote_type,is_mod,is_admin
3258	5786408	140475		definitely my favorite romance manga, hope it gets an anime adaptation soon	2024-03-24T06:53:42.000Z			2	0		pelep	https://s4.anilist.co/file/anilistcdn/user/avatar/medium/b5786408-qFsJ7j1LrbrF.jpg			1	27	parent_comment_id,deleted,tag,user_vote_type,is_mod,is_admin
7739	6382364	140475		Feeling boring	2024-03-18T17:43:25.000Z			0	1		Aayush2063	https://s4.anilist.co/file/anilistcdn/user/avatar/medium/b6382364-qIp2DvNJ7joY.jpg			0	6	parent_comment_id,deleted,tag,user_vote_type,is_mod,is_admin
1994	6382364	140475		Feeling boring 	2024-03-18T17:43:24.000Z			0	2		Aayush2063	https://s4.anilist.co/file/anilistcdn/user/avatar/medium/b6382364-qIp2DvNJ7joY.jpg			2	6	parent_comment_id,deleted,tag,user_vote_type,is_mod,is_admin
30671	6305502	195515		we got a opm s3 competitor in animation 	2026-01-07T15:07:13.000Z			0	0		zensxin	https://s4.anilist.co/file/anilistcdn/user/avatar/medium/b6305502-en0H9dTsFHy3.jpg			0	65	parent_comment_id,deleted,tag,user_vote_type,is_mod,is_admin
30658	6907832	195515		trash 	2026-01-07T05:08:44.000Z			0	0		Subaaruu	https://s4.anilist.co/file/anilistcdn/user/avatar/medium/b6907832-OcSAvb87Hu79.jpg			0	8	parent_comment_id,deleted,tag,user_vote_type,is_mod,is_admin
30655	6415908	195515		the animation wack and has no life at all. ||and how tf the guy defeated the demon lord so easily?||	2026-01-07T03:29:15.000Z		1	0	0		Fearocanity	https://s4.anilist.co/file/anilistcdn/user/avatar/medium/b6415908-Bd4DNPf0taaA.jpg			0	214	parent_comment_id,deleted,user_vote_type,is_mod,is_admin
30651	6768413	195515		looks like a decent rom com for once, lets pray and hope they don't pull out the love triangle with another girl. 	2026-01-07T02:19:26.000Z			0	0		ShivaAshifer	https://s4.anilist.co/file/anilistcdn/user/avatar/medium/b6768413-ArwckZ8sZcS4.png			1	10	parent_comment_id,deleted,tag,user_vote_type,is_mod,is_admin
30647	6181861	195515		this is good 	2026-01-06T22:07:31.000Z			0	0		Teero	https://s4.anilist.co/file/anilistcdn/user/avatar/medium/b6181861-JiXGM0v1i4sA.png			0	6	parent_comment_id,deleted,tag,user_vote_type,is_mod,is_admin
30641	7186153	195515		this might be the worst animation this season ğŸ˜­ğŸ˜­ğŸ˜­	2026-01-06T18:11:42.000Z			0	0		guywithacoolname	https://s4.anilist.co/file/anilistcdn/user/avatar/medium/b7186153-5qAziLCZhm67.jpg			0	3	parent_comment_id,deleted,tag,user_vote_type,is_mod,is_admin
30628	6415908	195515		she looks like female version of rimuru	2026-01-06T08:34:25.000Z			1	0		Fearocanity	https://s4.anilist.co/file/anilistcdn/user/avatar/medium/b6415908-Bd4DNPf0taaA.jpg			0	214	parent_comment_id,deleted,tag,user_vote_type,is_mod,is_admin
29954	6768413	195515		Finally a different Isekai for once	2025-12-06T19:50:36.000Z			1	0		ShivaAshifer	https://s4.anilist.co/file/anilistcdn/user/avatar/medium/b6768413-ArwckZ8sZcS4.png			0	10	parent_comment_id,deleted,tag,user_vote_type,is_mod,is_admin
25426	6120929	195515		A romance/fantasy between a demon and a human cleric. ğŸ˜² Let's see how it goes when it comes out. 	2025-07-09T11:10:49.000Z			1	0		SushanLog	https://s4.anilist.co/file/anilistcdn/user/avatar/medium/b6120929-KKeauXCGNmdy.jpg			0	457	parent_comment_id,deleted,tag,user_vote_type,is_mod,is_admin
30723	6388909	196547		test 2	2026-01-08T14:09:26.000Z			0	0		UnknownH	https://s4.anilist.co/file/anilistcdn/user/avatar/medium/default.png			0	0	parent_comment_id,content,timestamp,deleted,tag,user_vote_type,is_mod,is_admin
30692	6120929	131140		One of the bad ones out there. 	2026-01-07T21:33:46.000Z		16	0	0		SushanLog	https://s4.anilist.co/file/anilistcdn/user/avatar/medium/b6120929-KKeauXCGNmdy.jpg			0	457	parent_comment_id,deleted,user_vote_type,is_mod,is_admin
29171	6768413	178005		Why do these women always obsess over men who add no value to their lives? And of course the creator is a woman 	2025-10-31T00:14:31.000Z			1	2		ShivaAshifer	https://s4.anilist.co/file/anilistcdn/user/avatar/medium/b6768413-ArwckZ8sZcS4.png			2	10	parent_comment_id,deleted,tag,user_vote_type,is_mod,is_admin
30715	6415908	137942		is this minecraftğŸ˜­	2026-01-08T04:43:40.000Z			0	0		Fearocanity	https://s4.anilist.co/file/anilistcdn/user/avatar/medium/b6415908-Bd4DNPf0taaA.jpg			0	214	parent_comment_id,deleted,tag,user_vote_type,is_mod,is_admin
13252	5924286	137942		maaaan the chapters for this are coming out wayyyy to slow.	2024-07-12T09:37:13.000Z			0	0		Trueplayer49	https://s4.anilist.co/file/anilistcdn/user/avatar/medium/default.png			0	3	parent_comment_id,deleted,tag,user_vote_type,is_mod,is_admin
30691	6120929	153432		One of the good ones out there under the radar. 	2026-01-07T21:33:03.000Z		120	0	0		SushanLog	https://s4.anilist.co/file/anilistcdn/user/avatar/medium/b6120929-KKeauXCGNmdy.jpg			0	457	parent_comment_id,deleted,user_vote_type,is_mod,is_admin
30095	6862180	153432		i feel so bad for the mc  (â â•¥â ï¹â â•¥â )	2025-12-14T23:14:15.000Z			0	0		Finns	https://s4.anilist.co/file/anilistcdn/user/avatar/medium/b6862180-wAOyRzJpfxjW.png			0	0	parent_comment_id,deleted,tag,user_vote_type,is_mod,is_admin
28618	6688282	153432		peak 	2025-10-12T14:33:35.000Z			1	0		Asssshhhhh	https://s4.anilist.co/file/anilistcdn/user/avatar/medium/b6688282-cB6P2DjLAlK3.jpg			0	2	parent_comment_id,deleted,tag,user_vote_type,is_mod,is_admin
28148	6762676	153432		peakkest	2025-09-29T05:00:40.000Z			1	0		TempestASAP	https://s4.anilist.co/file/anilistcdn/user/avatar/medium/b6762676-HcSk8ce1U3M6.jpg			0	17	parent_comment_id,deleted,tag,user_vote_type,is_mod,is_admin
19252	6737309	153432		season 1 is literally peak	2025-01-13T16:56:20.000Z			2	0		borof	https://s4.anilist.co/file/anilistcdn/user/avatar/medium/b6737309-WPVStvQ4ijdd.jpg			0	4	parent_comment_id,deleted,tag,user_vote_type,is_mod,is_admin
12427	6526521	153432		peak	2024-06-25T19:28:15.000Z			1	0		Hqeu	https://s4.anilist.co/file/anilistcdn/user/avatar/medium/default.png			0	2	parent_comment_id,deleted,tag,user_vote_type,is_mod,is_admin
4474	6257216	153432		Goated	2024-04-06T23:05:30.000Z			2	0		PotatoWithThoughts	https://s4.anilist.co/file/anilistcdn/user/avatar/medium/b6257216-ARckkBo9FLI8.png			0	32	parent_comment_id,deleted,tag,user_vote_type,is_mod,is_admin
2808	6051520	153432		Pyo the goat	2024-03-21T14:37:21.000Z			2	0		Satoon	https://s4.anilist.co/file/anilistcdn/user/avatar/medium/b6051520-XWfPKi0OOSze.png			0	44	parent_comment_id,deleted,tag,user_vote_type,is_mod,is_admin
8372	6051520	153432		Pyo the goat	2024-03-21T14:37:21.000Z			0	0		Satoon	https://s4.anilist.co/file/anilistcdn/user/avatar/medium/b6051520-XWfPKi0OOSze.png			0	44	parent_comment_id,deleted,tag,user_vote_type,is_mod,is_admin
30705	6247315	191967		animation got better from season 1, Studio Kai really putting in some work on their animes this season.	2026-01-08T00:43:08.000Z			0	0		SoulPurity	https://s4.anilist.co/file/anilistcdn/user/avatar/medium/b6247315-ULmIxcUDW9H1.png			0	0	parent_comment_id,deleted,tag,user_vote_type,is_mod,is_admin
30702	7171235	192867		TV short? dammit.	2026-01-08T00:16:05.000Z			0	0		Yappatron	https://s4.anilist.co/file/anilistcdn/user/avatar/medium/b7171235-DNk67QJkbGiw.jpg			0	105	parent_comment_id,deleted,tag,user_vote_type,is_mod,is_admin
30706	6415908	191205		hmmm... interesting	2026-01-08T01:06:55.000Z			0	0		Fearocanity	https://s4.anilist.co/file/anilistcdn/user/avatar/medium/b6415908-Bd4DNPf0taaA.jpg			0	214	parent_comment_id,deleted,tag,user_vote_type,is_mod,is_admin
30700	7171235	191205		"hmm... Will mister ""car"" himself remain as a kid for the entire season or will he convert into a young ekemen?"	2026-01-07T23:18:45.000Z			0	0		Yappatron	https://s4.anilist.co/file/anilistcdn/user/avatar/medium/b7171235-DNk67QJkbGiw.jpg			0	105	parent_comment_id,deleted,tag,user_vote_type,is_mod,is_admin
30683	6907832	191205		soo far looking good 	2026-01-07T19:27:18.000Z			0	0		Subaaruu	https://s4.anilist.co/file/anilistcdn/user/avatar/medium/b6907832-OcSAvb87Hu79.jpg			0	8	parent_comment_id,deleted,tag,user_vote_type,is_mod,is_admin
30681	6405762	191205		finally, more on management things but op mc lol the way I wanted	2026-01-07T19:09:34.000Z			0	0		itsemkokak	https://s4.anilist.co/file/anilistcdn/user/avatar/medium/b6405762-adeMtAbLKlUL.jpg			0	8	parent_comment_id,deleted,tag,user_vote_type,is_mod,is_admin
22985	6415908	191205		this is gonna be a ||kingdom management|| kind of anime	2025-04-24T03:34:57.000Z			0	0		Fearocanity	https://s4.anilist.co/file/anilistcdn/user/avatar/medium/b6415908-Bd4DNPf0taaA.jpg			1	214	parent_comment_id,deleted,tag,user_vote_type,is_mod,is_admin
30708	7575105	194028		 my wife 	2026-01-08T01:59:37.000Z			0	0		Levianeer15	https://s4.anilist.co/file/anilistcdn/user/avatar/medium/b7575105-8HYFuZjCBy6K.png			0	1	parent_comment_id,deleted,tag,user_vote_type,is_mod,is_admin
30616	6247315	194028		idk how they did it but an anime about laundry with amazing BGM just relaxed me so much! it was nice and chill I hope no major drama happens and keeps the vide.	2026-01-06T02:04:56.000Z			0	0		SoulPurity	https://s4.anilist.co/file/anilistcdn/user/avatar/medium/b6247315-ULmIxcUDW9H1.png			0	0	parent_comment_id,deleted,tag,user_vote_type,is_mod,is_admin
29556	6120929	194028		interesting ğŸ¤”	2025-11-14T12:28:17.000Z			0	0		SushanLog	https://s4.anilist.co/file/anilistcdn/user/avatar/medium/b6120929-KKeauXCGNmdy.jpg			0	457	parent_comment_id,deleted,tag,user_vote_type,is_mod,is_admin
30717	397387	183661		somehow, I hope this turns into a romance between the commander and the isekai office worker	2026-01-08T05:42:56.000Z			0	0		name1	https://s4.anilist.co/file/anilistcdn/user/avatar/medium/default.png			0	7	parent_comment_id,deleted,tag,user_vote_type,is_mod,is_admin
24170	6415908	183661		having mainly male protagonist always felt like a red flags.	2025-06-06T04:00:38.000Z			1	4		Fearocanity	https://s4.anilist.co/file/anilistcdn/user/avatar/medium/b6415908-Bd4DNPf0taaA.jpg			0	214	parent_comment_id,deleted,tag,upvotes,downvotes,user_vote_type,is_mod,is_admin
30699	7171235	167152		"you know.. this is the same ""I was reincarnated or teleported to be a hero, got betrayed, so I seek revenge"" kinda anime, but in a really creative different way, and for some reason crazy more animation budget."	2026-01-07T22:55:32.000Z			0	0		Yappatron	https://s4.anilist.co/file/anilistcdn/user/avatar/medium/b7171235-DNk67QJkbGiw.jpg			0	105	parent_comment_id,deleted,tag,user_vote_type,is_mod,is_admin
30674	6135913	167152		damn great first ep	2026-01-07T16:38:20.000Z			1	0		JCSM2828	https://s4.anilist.co/file/anilistcdn/user/avatar/medium/b6135913-4hTc8QYiM6fD.jpg			0	12	parent_comment_id,deleted,tag,user_vote_type,is_mod,is_admin
30640	5964823	167152		peak	2026-01-06T17:40:30.000Z			1	0		Kanak1803	https://s4.anilist.co/file/anilistcdn/user/avatar/medium/b5964823-mrcOtOkmTSfl.jpg			0	-1	parent_comment_id,deleted,tag,user_vote_type,is_mod,is_admin
30603	7123514	167152		Holy.peak	2026-01-05T11:29:47.000Z			1	0		IlyaMikhail	https://s4.anilist.co/file/anilistcdn/user/avatar/medium/b7123514-d7MPZuMMLRYG.jpg			0	11	parent_comment_id,deleted,tag,user_vote_type,is_mod,is_admin
30593	6965342	167152		PEAAAAAKK	2026-01-05T02:23:41.000Z			0	0		khimatienza4	https://s4.anilist.co/file/anilistcdn/user/avatar/medium/default.png			0	3	parent_comment_id,deleted,tag,user_vote_type,is_mod,is_admin
30576	6737700	167152		holy mother of peak	2026-01-04T15:28:22.000Z			2	0		ghosty5	https://s4.anilist.co/file/anilistcdn/user/avatar/medium/b6737700-xleqW6BSCF3R.jpg			0	2	parent_comment_id,deleted,tag,user_vote_type,is_mod,is_admin
30570	397387	167152		what an episode	2026-01-04T12:56:37.000Z			0	0		name1	https://s4.anilist.co/file/anilistcdn/user/avatar/medium/default.png			0	7	parent_comment_id,deleted,tag,user_vote_type,is_mod,is_admin
30568	7102060	167152		Hopefully it maintains the peak... Don't wanna get disappointed 5 episodes in	2026-01-04T11:23:16.000Z			2	0		Haidenkyubi	https://s4.anilist.co/file/anilistcdn/user/avatar/medium/default.png			1	2	parent_comment_id,deleted,tag,user_vote_type,is_mod,is_admin
30567	7460497	167152		the hype was deserved this shit is so peak. ğŸ¤šğŸ˜­âœ‹	2026-01-04T11:02:07.000Z			1	0		Gaur2704	https://s4.anilist.co/file/anilistcdn/user/avatar/medium/b7460497-1GMCFGbxHWNT.jpg			0	18	parent_comment_id,deleted,tag,user_vote_type,is_mod,is_admin
30566	5618687	167152		my god.. that was so good, sad its only 12 episodes 	2026-01-04T08:58:47.000Z			1	0		Acviper	https://s4.anilist.co/file/anilistcdn/user/avatar/medium/b5618687-wrNRjoa9sHR9.jpg			0	28	parent_comment_id,deleted,tag,user_vote_type,is_mod,is_admin
30564	6085636	167152		"Man looks like he's about to say ""I'm the bone of my sword."""	2026-01-04T08:23:46.000Z			0	0		arcue1d	https://s4.anilist.co/file/anilistcdn/user/avatar/medium/b6085636-LCukZvoudfy1.jpg			0	1	parent_comment_id,deleted,tag,user_vote_type,is_mod,is_admin
30563	6415908	167152		hmmmm	2026-01-04T07:52:03.000Z			0	0		Fearocanity	https://s4.anilist.co/file/anilistcdn/user/avatar/medium/b6415908-Bd4DNPf0taaA.jpg			1	214	parent_comment_id,deleted,tag,user_vote_type,is_mod,is_admin
30562	7121519	167152		sheesh 	2026-01-04T05:26:18.000Z			0	0		Jilu	https://s4.anilist.co/file/anilistcdn/user/avatar/medium/b7121519-T2Mzzep3z5UZ.jpg			0	0	parent_comment_id,deleted,tag,user_vote_type,is_mod,is_admin
30559	6413365	167152		[deleted]	2026-01-04T03:27:23.000Z	1		2	2		Toni8	https://s4.anilist.co/file/anilistcdn/user/avatar/medium/b6413365-fhgrZoltrqtm.jpg			1	7	parent_comment_id,tag,user_vote_type,is_mod,is_admin
30558	7434416	167152		peak	2026-01-04T02:51:26.000Z			0	0		MJKSHT	https://s4.anilist.co/file/anilistcdn/user/avatar/medium/b7434416-jqdsJFs2KMva.jpg			0	-4	parent_comment_id,deleted,tag,user_vote_type,is_mod,is_admin
30557	7434416	167152		this is beautiful	2026-01-04T02:51:24.000Z			0	0		MJKSHT	https://s4.anilist.co/file/anilistcdn/user/avatar/medium/b7434416-jqdsJFs2KMva.jpg			0	-4	parent_comment_id,deleted,tag,user_vote_type,is_mod,is_admin
30554	6163779	167152		Xylo is an absolute badass	2026-01-04T00:27:15.000Z			1	0		xemios	https://s4.anilist.co/file/anilistcdn/user/avatar/medium/b6163779-qKuzoy37wRYW.jpg			0	1	parent_comment_id,deleted,tag,user_vote_type,is_mod,is_admin
30553	6816361	167152		absolute banger of an episode 	2026-01-03T21:48:19.000Z		1	1	0		Lordsaski	https://s4.anilist.co/file/anilistcdn/user/avatar/medium/b6816361-zDcKg3EMqQJq.jpg			0	7	parent_comment_id,deleted,user_vote_type,is_mod,is_admin
30549	6305502	167152		never in my entire life have I seen animation this peak 	2026-01-03T19:53:40.000Z			1	0		zensxin	https://s4.anilist.co/file/anilistcdn/user/avatar/medium/b6305502-en0H9dTsFHy3.jpg			0	65	parent_comment_id,deleted,tag,user_vote_type,is_mod,is_admin
30548	6929323	167152		Excellent Episode 	2026-01-03T19:17:59.000Z			2	0		Linkex	https://s4.anilist.co/file/anilistcdn/user/avatar/medium/b6929323-cQAx9Je86EsB.png			0	2	parent_comment_id,deleted,tag,user_vote_type,is_mod,is_admin
30543	5807967	167152		noice ğŸ‘Œ	2026-01-03T16:17:45.000Z			0	0		thakur0180	https://s4.anilist.co/file/anilistcdn/user/avatar/medium/b5807967-kg4BZpyLHgHb.png			0	0	parent_comment_id,deleted,tag,user_vote_type,is_mod,is_admin
30542	6362139	167152		what an episode it was, the story, the animation... damn... i fell in love with this	2026-01-03T16:03:19.000Z			5	0		Bipin22	https://s4.anilist.co/file/anilistcdn/user/avatar/medium/b6362139-GxpAI5QLWaRW.jpg			0	3	parent_comment_id,deleted,tag,user_vote_type,is_mod,is_admin
30540	5911043	167152		absolute Banger of a first episode 	2026-01-03T15:39:58.000Z			1	0		Grymn	https://s4.anilist.co/file/anilistcdn/user/avatar/medium/b5911043-jH8MTxttZgF9.jpg			0	42	parent_comment_id,deleted,tag,user_vote_type,is_mod,is_admin
22337	6120929	167152		seems good. ğŸ‘	2025-04-09T05:36:26.000Z			1	0		SushanLog	https://s4.anilist.co/file/anilistcdn/user/avatar/medium/b6120929-KKeauXCGNmdy.jpg			0	457	parent_comment_id,deleted,tag,user_vote_type,is_mod,is_admin
13959	5795217	167152		This better be worth the hype	2024-07-27T23:55:20.000Z			0	0		Eyadx1	https://s4.anilist.co/file/anilistcdn/user/avatar/medium/b5795217-mBrnPafq23ww.jpg			0	0	parent_comment_id,deleted,tag,user_vote_type,is_mod,is_admin
13958	5795217	167152		This better be worth the hyoe	2024-07-27T23:54:59.000Z			0	0		Eyadx1	https://s4.anilist.co/file/anilistcdn/user/avatar/medium/b5795217-mBrnPafq23ww.jpg			0	0	parent_comment_id,deleted,tag,user_vote_type,is_mod,is_admin
30676	5229659	182896		completely forgot last season ended mid final battle, and they wasted no time getting right back where it left off.  almost every MHA season has been better than the last, and this one is no different	2026-01-07T17:34:13.000Z			0	0		Jaijey	https://s4.anilist.co/file/anilistcdn/user/avatar/medium/b5229659-StdwlFli4HVT.jpg			0	14	parent_comment_id,deleted,tag,user_vote_type,is_mod,is_admin
30082	6792755	182896		I'm not crying, you're crying.	2025-12-14T08:22:16.000Z			2	0		Cafien	https://s4.anilist.co/file/anilistcdn/user/avatar/medium/b6792755-POzOzIxkSUUR.jpg			0	62	parent_comment_id,deleted,tag,user_vote_type,is_mod,is_admin
30079	6570366	182896		Final Episode is so emotional ğŸ˜­	2025-12-14T04:01:39.000Z			4	0		HariZ49	https://s4.anilist.co/file/anilistcdn/user/avatar/medium/b6570366-Nqzi8OOROz39.jpg			0	15	parent_comment_id,deleted,tag,user_vote_type,is_mod,is_admin
30077	7288097	182896		âœ‹ğŸ¥¹ğŸ¤š	2025-12-14T03:50:36.000Z			2	0		MhdFaizal	https://s4.anilist.co/file/anilistcdn/user/avatar/medium/b7288097-LAmg6uvOiP19.jpg			0	14	parent_comment_id,deleted,tag,user_vote_type,is_mod,is_admin
30072	5525126	182896		what about midoria and ochako?	2025-12-13T23:12:13.000Z			2	0		MightyCoderX	https://s4.anilist.co/file/anilistcdn/user/avatar/medium/b5525126-7D72AWhuSldK.jpg			2	2	parent_comment_id,deleted,tag,user_vote_type,is_mod,is_admin
30071	5949101	182896		watching this since 2016, a rollercoaster lf emotions, i really like how the story end. 10/10	2025-12-13T23:09:26.000Z			2	0		Zironator	https://s4.anilist.co/file/anilistcdn/user/avatar/medium/default.png			0	0	parent_comment_id,deleted,tag,user_vote_type,is_mod,is_admin
30063	7041573	182896		Finally, this is the end of an outstanding journey! 	2025-12-13T15:49:38.000Z		11	3	0		ThexFool	https://s4.anilist.co/file/anilistcdn/user/avatar/medium/b7041573-fLP2TAzITUeH.jpg			0	5	parent_comment_id,deleted,user_vote_type,is_mod,is_admin
30060	6982414	182896		masterpiece,true masterpiece 	2025-12-13T14:54:03.000Z			2	0		Fofh	https://s4.anilist.co/file/anilistcdn/user/avatar/medium/default.png			0	2	parent_comment_id,deleted,tag,user_vote_type,is_mod,is_admin
30059	5987397	182896		it was really a rollercoaster of emotions. like all might, looking back at this lengthy road, I'm glad I travelled along it ğŸ˜Š	2025-12-13T14:22:47.000Z			4	0		Avronix	https://s4.anilist.co/file/anilistcdn/user/avatar/medium/b5987397-9uJ4la98kGC3.jpg			0	11	parent_comment_id,deleted,tag,user_vote_type,is_mod,is_admin
30058	6891092	182896		it was beautiful ğŸ˜­	2025-12-13T13:53:41.000Z			1	0		KrSaber	https://s4.anilist.co/file/anilistcdn/user/avatar/medium/b6891092-vHimsE2eApdC.jpg			0	1	parent_comment_id,deleted,tag,user_vote_type,is_mod,is_admin
30057	6244220	182896		it's joever...	2025-12-13T13:23:16.000Z			2	0		NekoMimiOfficial	https://s4.anilist.co/file/anilistcdn/user/avatar/medium/b6244220-xbIG3jteCN6a.png	1		0	6	parent_comment_id,deleted,tag,user_vote_type,is_admin
29946	6305502	182896		time to bid farewell to this series next week. I'm not ready ğŸ˜­	2025-12-06T09:55:07.000Z			4	0		zensxin	https://s4.anilist.co/file/anilistcdn/user/avatar/medium/b6305502-en0H9dTsFHy3.jpg			0	65	parent_comment_id,deleted,tag,user_vote_type,is_mod,is_admin
29874	6699063	182896		damn ,that's so emotional 	2025-12-01T09:12:13.000Z		9	4	0		Midnightttt	https://s4.anilist.co/file/anilistcdn/user/avatar/medium/b6699063-j6Ztf2Ww2mSI.jpg			0	4	parent_comment_id,deleted,user_vote_type,is_mod,is_admin
29791	5871063	182896		i don't really care what people think. this series is goated and the ending is a good close to the story. him loosing his powers make sense	2025-11-25T19:24:51.000Z			5	1		LoanLee	https://s4.anilist.co/file/anilistcdn/user/avatar/medium/b5871063-QutmjS6lNHOq.jpg			1	17	parent_comment_id,deleted,tag,user_vote_type,is_mod,is_admin
29748	6305502	182896		my eyes are blessed ğŸ˜­ what is this peak?!! hands on â™¾ï¸/â™¾ï¸	2025-11-23T14:34:22.000Z			1	0		zensxin	https://s4.anilist.co/file/anilistcdn/user/avatar/medium/b6305502-en0H9dTsFHy3.jpg			0	65	parent_comment_id,deleted,tag,user_vote_type,is_mod,is_admin
29731	5837962	182896		This episode was great	2025-11-22T18:35:40.000Z			2	0		NAM3ofVIOLATION	https://s4.anilist.co/file/anilistcdn/user/avatar/medium/b5837962-vkkd9jvv5gx4.jpg			0	3	parent_comment_id,deleted,tag,user_vote_type,is_mod,is_admin
29597	6792755	182896		"Fun fact: Astro, the main character from My Hero Academia Author Kohei Horikoshi's other Manga ""Barrage"" has appeared in today's MHA episode."	2025-11-18T01:17:59.000Z			3	0		Cafien	https://s4.anilist.co/file/anilistcdn/user/avatar/medium/b6792755-POzOzIxkSUUR.jpg			0	62	parent_comment_id,deleted,tag,user_vote_type,is_mod,is_admin
29586	277776	182896		one punch man s3 needs to learn from this animation got damn what an animation 	2025-11-16T01:21:59.000Z			2	0		Valprince190	https://s4.anilist.co/file/anilistcdn/user/avatar/medium/b277776-0qIIiLymSpJL.jpg			0	17	parent_comment_id,deleted,tag,user_vote_type,is_mod,is_admin
29583	5987397	182896		all for one hands down got to be one of fictions worst villains. 	2025-11-15T11:11:39.000Z			2	0		Avronix	https://s4.anilist.co/file/anilistcdn/user/avatar/medium/b5987397-9uJ4la98kGC3.jpg			0	11	parent_comment_id,deleted,tag,user_vote_type,is_mod,is_admin
29402	7186153	182896		"""im in""-1.3 seconds"	2025-11-08T11:19:28.000Z			0	0		guywithacoolname	https://s4.anilist.co/file/anilistcdn/user/avatar/medium/b7186153-5qAziLCZhm67.jpg			0	3	parent_comment_id,deleted,tag,user_vote_type,is_mod,is_admin
29333	7434416	182896		Hi guys	2025-11-05T22:59:05.000Z			0	0		MJKSHT	https://s4.anilist.co/file/anilistcdn/user/avatar/medium/b7434416-jqdsJFs2KMva.jpg			0	-4	parent_comment_id,deleted,tag,user_vote_type,is_mod,is_admin
29227	7089516	182896		old haters became fans ...need new hatersğŸ’€peakğŸ’	2025-11-02T05:31:15.000Z			2	0		Draco024	https://s4.anilist.co/file/anilistcdn/user/avatar/medium/b7089516-BXF9ehxiEhvY.jpg			1	2	parent_comment_id,deleted,tag,user_vote_type,is_mod,is_admin
29218	6830276	182896		peakğŸ”¥	2025-11-01T22:46:32.000Z			0	0		Halcania	https://s4.anilist.co/file/anilistcdn/user/avatar/medium/default.png			0	0	parent_comment_id,deleted,tag,user_vote_type,is_mod,is_admin
29158	5720622	182896		bakugoooooooo	2025-10-30T14:48:50.000Z			1	0		SHARIQ	https://s4.anilist.co/file/anilistcdn/user/avatar/medium/b5720622-MTYiQRouLv8h.jpg			0	3	parent_comment_id,deleted,tag,user_vote_type,is_mod,is_admin
29157	5720622	182896		every episode is peak..... 	2025-10-30T14:48:44.000Z			0	0		SHARIQ	https://s4.anilist.co/file/anilistcdn/user/avatar/medium/b5720622-MTYiQRouLv8h.jpg			0	3	parent_comment_id,deleted,tag,user_vote_type,is_mod,is_admin
28898	6645401	182896		they are really going all out for this seasonğŸ¥¹	2025-10-20T16:12:56.000Z			4	0		StannyAnime	https://s4.anilist.co/file/anilistcdn/user/avatar/medium/b6645401-4DBZYk4xttAU.jpg			0	9	parent_comment_id,deleted,tag,user_vote_type,is_mod,is_admin
28873	5871063	182896		what is this peak??? 	2025-10-19T20:35:16.000Z			2	0		LoanLee	https://s4.anilist.co/file/anilistcdn/user/avatar/medium/b5871063-QutmjS6lNHOq.jpg			0	17	parent_comment_id,deleted,tag,user_vote_type,is_mod,is_admin
28846	7288097	182896		every episode is peak	2025-10-19T06:46:43.000Z			3	0		MhdFaizal	https://s4.anilist.co/file/anilistcdn/user/avatar/medium/b7288097-LAmg6uvOiP19.jpg			0	14	parent_comment_id,deleted,tag,user_vote_type,is_mod,is_admin
28841	7132191	182896		it's so peak ğŸ™Œ	2025-10-19T01:28:29.000Z			2	0		Takeshiisq	https://s4.anilist.co/file/anilistcdn/user/avatar/medium/b7132191-Y5bXVkbqOF08.jpg			0	2	parent_comment_id,deleted,tag,user_vote_type,is_mod,is_admin
28573	6768413	182896		Yall watching all these seasons just for the ending to be ah. Make it make sense you femboys	2025-10-11T13:31:36.000Z			1	7		ShivaAshifer	https://s4.anilist.co/file/anilistcdn/user/avatar/medium/b6768413-ArwckZ8sZcS4.png			3	10	parent_comment_id,deleted,tag,user_vote_type,is_mod,is_admin
28572	277776	182896		damn animation is crazy	2025-10-11T12:20:47.000Z			4	0		Valprince190	https://s4.anilist.co/file/anilistcdn/user/avatar/medium/b277776-0qIIiLymSpJL.jpg			0	17	parent_comment_id,deleted,tag,user_vote_type,is_mod,is_admin
28344	6568071	182896		Damn. The whole episode kept me at the edge of my seat. 	2025-10-05T17:22:06.000Z			2	0		Bcuizon	https://s4.anilist.co/file/anilistcdn/user/avatar/medium/default.png			0	7	parent_comment_id,deleted,tag,user_vote_type,is_mod,is_admin
28304	6570366	182896		Let's go ğŸ”¥ the Peak is back	2025-10-04T12:45:43.000Z			1	0		HariZ49	https://s4.anilist.co/file/anilistcdn/user/avatar/medium/b6570366-Nqzi8OOROz39.jpg			0	15	parent_comment_id,deleted,tag,user_vote_type,is_mod,is_admin
23677	7040733	182896		Gonna be so peak	2025-05-22T12:26:33.000Z			1	0		Dagger	https://s4.anilist.co/file/anilistcdn/user/avatar/medium/b7040733-eAzvM626EZiS.png			0	1	parent_comment_id,deleted,tag,user_vote_type,is_mod,is_admin
18979	6148379	182896		final season part 1	2025-01-08T03:46:12.000Z			1	0		Suunja	https://s4.anilist.co/file/anilistcdn/user/avatar/medium/b6148379-kQe8qlfvNFbs.jpg			0	13	parent_comment_id,deleted,tag,user_vote_type,is_mod,is_admin
16539	5839632	182896		last season	2024-10-14T18:18:56.000Z			1	0		ShadowSensei	https://s4.anilist.co/file/anilistcdn/user/avatar/medium/b5839632-mZ3xtoXR9SNq.png			0	40	parent_comment_id,deleted,tag,user_vote_type,is_mod,is_admin
16441	6219870	182896		they did not need another season	2024-10-12T20:01:12.000Z			0	7		vvxrtues	https://s4.anilist.co/file/anilistcdn/user/avatar/medium/b6219870-UDGENZUYzKT2.jpg			1	-8	parent_comment_id,deleted,tag,user_vote_type,is_mod,is_admin
30672	6305502	180082		delayed again?	2026-01-07T15:10:02.000Z			0	0		zensxin	https://s4.anilist.co/file/anilistcdn/user/avatar/medium/b6305502-en0H9dTsFHy3.jpg			0	65	parent_comment_id,deleted,tag,user_vote_type,is_mod,is_admin
30546	6329930	180082		this anime is kinda corny but absolute cinema no doubt 	2026-01-03T18:51:00.000Z			0	0		unknownx	https://s4.anilist.co/file/anilistcdn/user/avatar/medium/b6329930-ZAmN683hXGy9.jpg			0	19	parent_comment_id,deleted,tag,user_vote_type,is_mod,is_admin
30476	6208355	180082		how is it ? good?	2026-01-01T11:35:48.000Z			0	0		NITHINSPACETIME	https://s4.anilist.co/file/anilistcdn/user/avatar/medium/b6208355-7AAelM4EjF3y.png			1	67	parent_comment_id,deleted,tag,user_vote_type,is_mod,is_admin
30464	7460497	180082		I'm just disappointed at myself from continuing this....	2026-01-01T04:15:31.000Z			0	1		Gaur2704	https://s4.anilist.co/file/anilistcdn/user/avatar/medium/b7460497-1GMCFGbxHWNT.jpg			0	18	parent_comment_id,deleted,tag,user_vote_type,is_mod,is_admin
30440	6767115	180082		why is it kinda good tho	2025-12-31T03:33:59.000Z			1	0		meememopop	https://s4.anilist.co/file/anilistcdn/user/avatar/medium/default.png			0	10	parent_comment_id,deleted,tag,user_vote_type,is_mod,is_admin
30343	7145565	180082		i cringed when i saw 67 haha 	2025-12-26T23:34:07.000Z			1	0		maki123maki	https://s4.anilist.co/file/anilistcdn/user/avatar/medium/b7145565-AWOCVdIkH5I6.jpg			0	10	parent_comment_id,deleted,tag,user_vote_type,is_mod,is_admin
30164	6732509	180082		The characters are tropey but not even in a fun way. They fail to stand out or be memorable within their own trope. Remind me why we need another harem anime where the male lead makes weird sexual remarks about his female friends and we're supposed to accept that as normal again???	2025-12-19T03:03:49.000Z			1	4		notKyleC	https://s4.anilist.co/file/anilistcdn/user/avatar/medium/b6732509-3BgEydx0ur32.jpg			0	2	parent_comment_id,deleted,tag,user_vote_type,is_mod,is_admin
30163	6732509	180082		i heard praises so i thought this show was an uncut gem but genuinely it is so mediocre I'm wondering why it was even made. So many times it tries to sound profound but just ends up falling flat while delivering half baked messages that aren't really helpful or productive :/	2025-12-19T02:59:58.000Z			1	1		notKyleC	https://s4.anilist.co/file/anilistcdn/user/avatar/medium/b6732509-3BgEydx0ur32.jpg			1	2	parent_comment_id,deleted,tag,user_vote_type,is_mod,is_admin
30053	6415908	180082		I think that was a good call from the side of Saku, do that if you know that you're in Public spaces, or you know that there was no firearms worn.	2025-12-13T07:04:18.000Z			0	0		Fearocanity	https://s4.anilist.co/file/anilistcdn/user/avatar/medium/b6415908-Bd4DNPf0taaA.jpg			0	214	parent_comment_id,deleted,tag,user_vote_type,is_mod,is_admin
29699	6305502	180082		the situation this anime is in reminds me of Zom100 ğŸ¥¹	2025-11-20T17:30:07.000Z			1	0		zensxin	https://s4.anilist.co/file/anilistcdn/user/avatar/medium/b6305502-en0H9dTsFHy3.jpg			0	65	parent_comment_id,deleted,tag,user_vote_type,is_mod,is_admin
29667	7490725	180082		woi	2025-11-19T12:39:12.000Z			0	0		LimsZZ	https://s4.anilist.co/file/anilistcdn/user/avatar/medium/b7490725-YdTbRWKcSoA6.jpg			0	0	parent_comment_id,deleted,tag,user_vote_type,is_mod,is_admin
29372	7186153	180082		ts is top 3 anime of ts season 	2025-11-07T14:48:12.000Z			0	0		guywithacoolname	https://s4.anilist.co/file/anilistcdn/user/avatar/medium/b7186153-5qAziLCZhm67.jpg			0	3	parent_comment_id,deleted,tag,user_vote_type,is_mod,is_admin
29316	6778580	180082		now we wait for ep 6	2025-11-05T07:47:44.000Z			1	0		EMMCIE	https://s4.anilist.co/file/anilistcdn/user/avatar/medium/b6778580-POCHB0LrQo1L.jpg			0	1	parent_comment_id,deleted,tag,user_vote_type,is_mod,is_admin
29308	6415908	180082		i heard the Episode 6 is delayed.ğŸ˜­	2025-11-04T22:48:46.000Z			1	0		Fearocanity	https://s4.anilist.co/file/anilistcdn/user/avatar/medium/b6415908-Bd4DNPf0taaA.jpg			0	214	parent_comment_id,deleted,tag,user_vote_type,is_mod,is_admin
29125	6415908	180082		This is peak. Lets see how it unfolds the next story. also 6.9 rating is too harsh for this. It make sense because anilist is infamous for its biasness	2025-10-29T04:31:24.000Z		4	0	0		Fearocanity	https://s4.anilist.co/file/anilistcdn/user/avatar/medium/b6415908-Bd4DNPf0taaA.jpg			2	214	parent_comment_id,deleted,user_vote_type,is_mod,is_admin
29123	6329930	180082		this shit is peak 	2025-10-28T19:47:21.000Z			0	0		unknownx	https://s4.anilist.co/file/anilistcdn/user/avatar/medium/b6329930-ZAmN683hXGy9.jpg			0	19	parent_comment_id,deleted,tag,user_vote_type,is_mod,is_admin
28997	6110014	180082		peak	2025-10-24T10:09:46.000Z			1	0		kwrsahil	https://s4.anilist.co/file/anilistcdn/user/avatar/medium/b6110014-o8m2WTzZSbB0.png			0	1	parent_comment_id,deleted,tag,user_vote_type,is_mod,is_admin
28947	6305502	180082		ayo this seems peak 	2025-10-22T10:59:54.000Z			1	0		zensxin	https://s4.anilist.co/file/anilistcdn/user/avatar/medium/b6305502-en0H9dTsFHy3.jpg			0	65	parent_comment_id,deleted,tag,user_vote_type,is_mod,is_admin
28707	6415908	180082		i never expected a serious talks.	2025-10-15T03:22:24.000Z		2	4	0		Fearocanity	https://s4.anilist.co/file/anilistcdn/user/avatar/medium/b6415908-Bd4DNPf0taaA.jpg			0	214	parent_comment_id,deleted,user_vote_type,is_mod,is_admin
28703	5165648	180082		Best anime this season no doubt  ğŸ–¤	2025-10-14T20:10:32.000Z			3	0		EYNIGHT	https://s4.anilist.co/file/anilistcdn/user/avatar/medium/b5165648-A7xoBDRagKlG.jpg			1	4	parent_comment_id,deleted,tag,user_vote_type,is_mod,is_admin
28702	6120929	180082		B**bs talk is the best way to make bros. ğŸ˜	2025-10-14T19:57:12.000Z		2	3	0		SushanLog	https://s4.anilist.co/file/anilistcdn/user/avatar/medium/b6120929-KKeauXCGNmdy.jpg			0	457	parent_comment_id,deleted,user_vote_type,is_mod,is_admin
28701	6120929	180082		Asuka best girl. ğŸ¥°	2025-10-14T19:56:19.000Z		1	2	0		SushanLog	https://s4.anilist.co/file/anilistcdn/user/avatar/medium/b6120929-KKeauXCGNmdy.jpg			0	457	parent_comment_id,deleted,user_vote_type,is_mod,is_admin
28700	6120929	180082		Most of the times in anime there is a loser guy with unnatural harem but here the MC is popular (just unwilling to choose one girl from his harem) ğŸ˜…  Also, the last scene was cinematic. âœ¨	2025-10-14T19:37:37.000Z		1	2	0		SushanLog	https://s4.anilist.co/file/anilistcdn/user/avatar/medium/b6120929-KKeauXCGNmdy.jpg			1	457	parent_comment_id,deleted,user_vote_type,is_mod,is_admin
28630	6940906	180082		Adapted just like mangaâ™¥ï¸...so far	2025-10-12T17:52:21.000Z			0	0		GRE4THeroBK	https://s4.anilist.co/file/anilistcdn/user/avatar/medium/b6940906-aHGu0xyz3UgJ.jpg			0	2	parent_comment_id,deleted,tag,user_vote_type,is_mod,is_admin
28483	6283259	180082		im sorry I saw 49 minutes and I thought I was getting a feast, tf is that at the end ?,	2025-10-08T10:59:27.000Z		1	0	0		OneRandomDude	https://s4.anilist.co/file/anilistcdn/user/avatar/medium/default.png			0	149	parent_comment_id,deleted,user_vote_type,is_mod,is_admin
28481	6434666	180082		Jaku Chara Tomozaki vibe	2025-10-08T10:20:22.000Z			0	0		SousukeAizen123	https://s4.anilist.co/file/anilistcdn/user/avatar/medium/default.png			0	19	parent_comment_id,deleted,tag,user_vote_type,is_mod,is_admin
28454	6389664	180082		def getting strong teen romantic comedy snafu vibes. edit:  Said this while only a quarter of the way through. based on where the story seems to be going, I'd guess it's closer to bottom tier character than snafu. looking forward to more.	2025-10-07T20:33:40.000Z			1	0		devishjack	https://s4.anilist.co/file/anilistcdn/user/avatar/medium/b6389664-71ynRGhU1mRF.jpg			0	10	parent_comment_id,deleted,tag,user_vote_type,is_mod,is_admin
27840	6120929	180082		Looking forward to it. ğŸ˜	2025-09-19T14:48:39.000Z			0	0		SushanLog	https://s4.anilist.co/file/anilistcdn/user/avatar/medium/b6120929-KKeauXCGNmdy.jpg			0	457	parent_comment_id,deleted,tag,user_vote_type,is_mod,is_admin
26340	6415908	180082		they revealed a new visual	2025-07-31T12:51:09.000Z			0	0		Fearocanity	https://s4.anilist.co/file/anilistcdn/user/avatar/medium/b6415908-Bd4DNPf0taaA.jpg			0	214	parent_comment_id,deleted,tag,user_vote_type,is_mod,is_admin
23230	6415908	180082		It will premeire on October!!!	2025-05-04T12:18:33.000Z			0	0		Fearocanity	https://s4.anilist.co/file/anilistcdn/user/avatar/medium/b6415908-Bd4DNPf0taaA.jpg			0	214	parent_comment_id,deleted,tag,user_vote_type,is_mod,is_admin
22846	6415908	180082		another harem for 2025	2025-04-20T05:21:34.000Z			0	0		Fearocanity	https://s4.anilist.co/file/anilistcdn/user/avatar/medium/b6415908-Bd4DNPf0taaA.jpg			0	214	parent_comment_id,deleted,tag,user_vote_type,is_mod,is_admin
22625	6401003	180082		Studio feel.. Hmmm..... Oregairu was adapted by it too so it might be good	2025-04-13T17:04:14.000Z			0	0		ItzNotRexzy	https://s4.anilist.co/file/anilistcdn/user/avatar/medium/b6401003-DAUSgigSwj78.png			1	0	parent_comment_id,deleted,tag,user_vote_type,is_mod,is_admin
30697	7171235	182771		is this yaoi?	2026-01-07T22:04:34.000Z			0	0		Yappatron	https://s4.anilist.co/file/anilistcdn/user/avatar/medium/b7171235-DNk67QJkbGiw.jpg			0	105	parent_comment_id,deleted,tag,user_vote_type,is_mod,is_admin
30687	7208825	182771		lul this anime has like 80 dudes and its only been out for 4 hours	2026-01-07T20:17:55.000Z			0	0		Doodlebobwitthebop	https://s4.anilist.co/file/anilistcdn/user/avatar/medium/default.png			0	5	parent_comment_id,deleted,tag,user_vote_type,is_mod,is_admin
30701	7171235	202102		what is this about? all I know is the tiktok meme.	2026-01-07T23:29:56.000Z			0	0		Yappatron	https://s4.anilist.co/file/anilistcdn/user/avatar/medium/b7171235-DNk67QJkbGiw.jpg			0	105	parent_comment_id,deleted,tag,user_vote_type,is_mod,is_admin
29608	7155655	202102		peak incoming	2025-11-17T06:37:08.000Z			0	0		HellioNiTe	https://s4.anilist.co/file/anilistcdn/user/avatar/medium/b7155655-3sNqa0zJjFPh.jpg			0	1	parent_comment_id,deleted,tag,user_vote_type,is_mod,is_admin
29524	6884239	202102		YEEESS!!!	2025-11-12T17:14:14.000Z			0	0		Pajero404	https://s4.anilist.co/file/anilistcdn/user/avatar/medium/b6884239-PMnk4La1WLGk.png			0	-1	parent_comment_id,deleted,tag,user_vote_type,is_mod,is_admin
29490	6415908	202102		yes....!!!	2025-11-12T00:49:16.000Z			0	0		Fearocanity	https://s4.anilist.co/file/anilistcdn/user/avatar/medium/b6415908-Bd4DNPf0taaA.jpg			0	214	parent_comment_id,deleted,tag,user_vote_type,is_mod,is_admin
30710	6206183	142329		i love this arc so much 	2026-01-08T02:54:49.000Z			0	0		ShikaiBankai	https://s4.anilist.co/file/anilistcdn/user/avatar/medium/b6206183-emh7hMcf23Kb.png			0	0	parent_comment_id,deleted,tag,user_vote_type,is_mod,is_admin
3060	6616750	142329		full marks for animation 	2024-03-23T06:47:26.000Z			0	0		Lucadris	https://s4.anilist.co/file/anilistcdn/user/avatar/medium/b6616750-bLYjxMg8pyXh.jpg			0	2	parent_comment_id,deleted,tag,user_vote_type,is_mod,is_admin
8567	6616750	142329		full marks for animation	2024-03-23T06:47:26.000Z			0	0		Lucadris	https://s4.anilist.co/file/anilistcdn/user/avatar/medium/b6616750-bLYjxMg8pyXh.jpg			0	2	parent_comment_id,deleted,tag,user_vote_type,is_mod,is_admin
872	6233655	142329		oww	2024-02-24T23:31:54.000Z			0	0		janno	https://s4.anilist.co/file/anilistcdn/user/avatar/medium/b6233655-5PpNXKo6JmFA.png			0	-7	parent_comment_id,deleted,tag,user_vote_type,is_mod,is_admin
30693	6120929	185979		Good one, 8/10	2026-01-07T21:35:41.000Z		66	0	0		SushanLog	https://s4.anilist.co/file/anilistcdn/user/avatar/medium/b6120929-KKeauXCGNmdy.jpg			0	457	parent_comment_id,deleted,user_vote_type,is_mod,is_admin
24507	6109977	185979		this is good, I want to know more.	2025-06-17T23:17:10.000Z			1	0		BestPureeyaa	https://s4.anilist.co/file/anilistcdn/user/avatar/medium/default.png			0	2	parent_comment_id,deleted,tag,user_vote_type,is_mod,is_admin
20948	6724218	185979		I don't know why but I'm starting to get bored reading this	2025-03-12T04:30:26.000Z			1	1		Overdose	https://s4.anilist.co/file/anilistcdn/user/avatar/medium/b6724218-sdjnMQY2F9u1.png			0	7	parent_comment_id,deleted,tag,user_vote_type,is_mod,is_admin
30660	6907832	189565		I have started it will have to complete it	2026-01-07T05:25:19.000Z			0	0		Subaaruu	https://s4.anilist.co/file/anilistcdn/user/avatar/medium/b6907832-OcSAvb87Hu79.jpg			0	8	parent_comment_id,deleted,tag,user_vote_type,is_mod,is_admin
30622	6907832	189565		trash keep coming! 	2026-01-06T05:05:18.000Z			0	0		Subaaruu	https://s4.anilist.co/file/anilistcdn/user/avatar/medium/b6907832-OcSAvb87Hu79.jpg			0	8	parent_comment_id,deleted,tag,user_vote_type,is_mod,is_admin
30614	6415908	189565		why do i have to torture myselfğŸ’”	2026-01-05T22:42:06.000Z			0	0		Fearocanity	https://s4.anilist.co/file/anilistcdn/user/avatar/medium/b6415908-Bd4DNPf0taaA.jpg			1	214	parent_comment_id,deleted,tag,user_vote_type,is_mod,is_admin
30611	6305502	189565		I warn you guys! please don't watch this or y'all would die out of cringe ğŸ˜ƒ	2026-01-05T21:41:41.000Z			1	0		zensxin	https://s4.anilist.co/file/anilistcdn/user/avatar/medium/b6305502-en0H9dTsFHy3.jpg			2	65	parent_comment_id,deleted,tag,user_vote_type,is_mod,is_admin
22029	6415908	189565		romcomm!!	2025-04-05T00:45:02.000Z			0	0		Fearocanity	https://s4.anilist.co/file/anilistcdn/user/avatar/medium/b6415908-Bd4DNPf0taaA.jpg			0	214	parent_comment_id,deleted,tag,user_vote_type,is_mod,is_admin
30726	6100039	180746		man I thought this was some cutsey simple show I was wrong	2026-01-08T13:37:30.000Z			0	0		Jacobthecrusade	https://s4.anilist.co/file/anilistcdn/user/avatar/medium/b6100039-40s69Ase7gyN.jpg			0	10	NEW
30725	6220420	180746		tbh I mainly dl how when they do far shots their like no face at all 	2026-01-08T13:30:30.000Z			0	0		SamSupernoods	https://s4.anilist.co/file/anilistcdn/user/avatar/medium/b6220420-zlia11ygcykd.jpg			0	14	NEW
30727	7618901	172463		4hrs Left	2026-01-08T14:03:29.000Z			0	0		imbatman10	https://s4.anilist.co/file/anilistcdn/user/avatar/medium/b7618901-MVrmJq37Gdfi.jpg			0	0	NEW
30724	7164359	108617		damnnnnnnn somaliiiii is sooooo cuteeeeeğŸ¥°	2026-01-08T13:09:05.000Z			0	0		Ishikawadayo	https://s4.anilist.co/file/anilistcdn/user/avatar/medium/default.png			0	0	NEW
26302	6415908	108617		thats a greatt episode...	2025-07-30T01:04:28.000Z		8	1	1		Fearocanity	https://s4.anilist.co/file/anilistcdn/user/avatar/medium/b6415908-Bd4DNPf0taaA.jpg			0	214	NEW
26301	6415908	108617		mannnnn, somali is so cutee	2025-07-30T00:29:50.000Z		7	1	1		Fearocanity	https://s4.anilist.co/file/anilistcdn/user/avatar/medium/b6415908-Bd4DNPf0taaA.jpg			0	214	NEW
26299	6415908	108617		this is a really comfy anime	2025-07-30T00:07:56.000Z		5	1	1		Fearocanity	https://s4.anilist.co/file/anilistcdn/user/avatar/medium/b6415908-Bd4DNPf0taaA.jpg			0	214	NEW
26015	6415908	108617		i reallly really like this anime	2025-07-22T15:42:50.000Z			1	1		Fearocanity	https://s4.anilist.co/file/anilistcdn/user/avatar/medium/b6415908-Bd4DNPf0taaA.jpg			1	214	NEW
15040	5881448	108617		wholesome	2024-09-05T11:34:20.000Z			0	1		Abubakar1	https://s4.anilist.co/file/anilistcdn/user/avatar/medium/default.png			0	3	NEW
